"date","humidity"
2005-01-01,76.7673611111111
2005-01-02,80.671875
2005-01-03,81.484375
2005-01-04,75.3975694444444
2005-01-05,76.1857638888889
2005-01-06,78.7621527777778
2005-01-07,72.6822916666667
2005-01-08,82.0902777777778
2005-01-09,73.4166666666667
2005-01-10,80.6388888888889
2005-01-11,81.703125
2005-01-12,83.2274305555556
2005-01-13,82.1423611111111
2005-01-14,72.2204861111111
2005-01-15,61.6805555555556
2005-01-16,67.5572916666667
2005-01-17,46.4427083333333
2005-01-18,40.3611111111111
2005-01-19,58.2326388888889
2005-01-20,63.7065972222222
2005-01-21,78.0885416666667
2005-01-22,81.5902777777778
2005-01-23,50.8975694444444
2005-01-24,44.3975694444444
2005-01-25,49.0572916666667
2005-01-26,64.0277777777778
2005-01-27,51.6875
2005-01-28,42.9322916666667
2005-01-29,70.7482638888889
2005-01-30,85.8333333333333
2005-01-31,66.6215277777778
2005-02-01,71.7482638888889
2005-02-02,71.2309027777778
2005-02-03,88.7204861111111
2005-02-04,71.5208333333333
2005-02-05,55.71875
2005-02-06,52.9878472222222
2005-02-07,60.4826388888889
2005-02-08,64.828125
2005-02-09,80.5399305555556
2005-02-10,57.6631944444444
2005-02-11,43.8402777777778
2005-02-12,48.6736111111111
2005-02-13,61.5972222222222
2005-02-14,84.3784722222222
2005-02-15,79.2326388888889
2005-02-16,77.9774305555556
2005-02-17,49.5121527777778
2005-02-18,44.9739583333333
2005-02-19,52.7725694444444
2005-02-20,68.0694444444444
2005-02-21,84.3871527777778
2005-02-22,75.9947916666667
2005-02-23,65.4461805555556
2005-02-24,86.4375
2005-02-25,74.5121527777778
2005-02-26,67.7083333333333
2005-02-27,71.234375
2005-02-28,89.4635416666667
2005-03-01,54.4652777777778
2005-03-02,43.2465277777778
2005-03-03,43.3836805555556
2005-03-04,51.4583333333333
2005-03-05,62.2118055555556
2005-03-06,56.8923611111111
2005-03-07,52.9947916666667
2005-03-08,61.953125
2005-03-09,48.9947916666667
2005-03-10,48.8020833333333
2005-03-11,58.5972222222222
2005-03-12,47.4635416666667
2005-03-13,57.9479166666667
2005-03-14,78.7204861111111
2005-03-15,57.5885416666667
2005-03-16,84.0260416666667
2005-03-17,88.0520833333333
2005-03-18,69.0364583333333
2005-03-19,62.5295138888889
2005-03-20,62.2604166666667
2005-03-21,50.9045138888889
2005-03-22,66.7482638888889
2005-03-23,79.8506944444444
2005-03-24,65.7378472222222
2005-03-25,70.5711805555556
2005-03-26,76.390625
2005-03-27,85.8142361111111
2005-03-28,77.015625
2005-03-29,57.4166666666667
2005-03-30,62.0729166666667
2005-03-31,78.5711805555556
2005-04-01,84.0503472222222
2005-04-02,67.2430555555556
2005-04-03,36.1992753623188
2005-04-04,41.9513888888889
2005-04-05,49.8038194444444
2005-04-06,56.2916666666667
2005-04-07,76.6805555555556
2005-04-08,82.0017361111111
2005-04-09,61.6979166666667
2005-04-10,52.6527777777778
2005-04-11,58.3576388888889
2005-04-12,74.3385416666667
2005-04-13,85.8802083333333
2005-04-14,63.3298611111111
2005-04-15,51.015625
2005-04-16,43.5243055555556
2005-04-17,47.3715277777778
2005-04-18,52.5364583333333
2005-04-19,54.6892361111111
2005-04-20,50.5538194444444
2005-04-21,54.8055555555556
2005-04-22,71.28125
2005-04-23,66.7725694444444
2005-04-24,52.1111111111111
2005-04-25,47.953125
2005-04-26,68.25
2005-04-27,63.4288194444444
2005-04-28,55.0555555555556
2005-04-29,72.3489583333333
2005-04-30,77.6614583333333
2005-05-01,66.2118055555556
2005-05-02,58.5243055555556
2005-05-03,50.953125
2005-05-04,57.8333333333333
2005-05-05,74.0833333333333
2005-05-06,73.9583333333333
2005-05-07,59.4756944444444
2005-05-08,53.9322916666667
2005-05-09,54.6597222222222
2005-05-10,69.6857638888889
2005-05-11,70.1145833333333
2005-05-12,67.1423611111111
2005-05-13,77.9184027777778
2005-05-14,76.3420138888889
2005-05-15,79.5069444444444
2005-05-16,70.0677083333333
2005-05-17,71.1059027777778
2005-05-18,66.5
2005-05-19,75.0902777777778
2005-05-20,82.0520833333333
2005-05-21,67.9583333333333
2005-05-22,64.3420138888889
2005-05-23,65.6180555555556
2005-05-24,68.0364583333333
2005-05-25,67.8732638888889
2005-05-26,59.4270833333333
2005-05-27,60.2916666666667
2005-05-28,66.9479166666667
2005-05-29,58.4722222222222
2005-05-30,72.71875
2005-05-31,73.9930555555556
2005-06-01,81.8454861111111
2005-06-02,91.3229166666667
2005-06-03,89.1163194444444
2005-06-04,82.7621527777778
2005-06-05,76.7430555555556
2005-06-06,77.3524305555556
2005-06-07,78.953125
2005-06-08,80.7447916666667
2005-06-09,82.8454861111111
2005-06-10,78.4670138888889
2005-06-11,73.9878472222222
2005-06-12,78.1440972222222
2005-06-13,78.0642361111111
2005-06-14,72.5451388888889
2005-06-15,65.3420138888889
2005-06-16,59.71875
2005-06-17,58.4774305555556
2005-06-18,63.6284722222222
2005-06-19,69.2222222222222
2005-06-20,72.5416666666667
2005-06-21,70.2951388888889
2005-06-22,66.9652777777778
2005-06-23,66.1145833333333
2005-06-24,67.4722222222222
2005-06-25,73.1649305555556
2005-06-26,81.3350694444444
2005-06-27,80.0329861111111
2005-06-28,86.8836805555556
2005-06-29,85.8020833333333
2005-06-30,77.5121527777778
2005-07-01,74.8385416666667
2005-07-02,76.359375
2005-07-03,79.9479166666667
2005-07-04,78.9947916666667
2005-07-05,78.0833333333333
2005-07-06,74.046875
2005-07-07,78.4270833333333
2005-07-08,70.8854166666667
2005-07-09,69.5555555555556
2005-07-10,74.5138888888889
2005-07-11,81.1388888888889
2005-07-12,78.2482638888889
2005-07-13,80.8871527777778
2005-07-14,83.1927083333333
2005-07-15,79.734375
2005-07-16,77.4861111111111
2005-07-17,76.0121527777778
2005-07-18,76.9444444444444
2005-07-19,76.2534722222222
2005-07-20,75.6128472222222
2005-07-21,76.4253472222222
2005-07-22,77.4565972222222
2005-07-23,73.4409722222222
2005-07-24,68.6510416666667
2005-07-25,69.7395833333333
2005-07-26,67.8142361111111
2005-07-27,68.5138888888889
2005-07-28,74.4184027777778
2005-07-29,85.5451388888889
2005-07-30,84.6961805555556
2005-07-31,87.6319444444444
2005-08-01,78.5902777777778
2005-08-02,72.8489583333333
2005-08-03,71.6215277777778
2005-08-04,71.78125
2005-08-05,73.2309027777778
2005-08-06,75.5434027777778
2005-08-07,76.4409722222222
2005-08-08,79.8350694444444
2005-08-09,84.6197916666667
2005-08-10,81.8559027777778
2005-08-11,75.3993055555556
2005-08-12,75.6840277777778
2005-08-13,77.015625
2005-08-14,77.5694444444444
2005-08-15,74.3993055555556
2005-08-16,75.6388888888889
2005-08-17,79.6180555555556
2005-08-18,81.2899305555556
2005-08-19,79.4305555555556
2005-08-20,76.5850694444444
2005-08-21,72.140625
2005-08-22,68.9288194444444
2005-08-23,82.6510416666667
2005-08-24,78.609375
2005-08-25,68.7760416666667
2005-08-26,69.9409722222222
2005-08-27,76.5885416666667
2005-08-28,77.9878472222222
2005-08-29,79.5399305555556
2005-08-30,80.6805555555556
2005-08-31,69.6336805555556
2005-09-01,66.8333333333333
2005-09-02,68.0677083333333
2005-09-03,59.5642361111111
2005-09-04,61.578125
2005-09-05,61.6267361111111
2005-09-06,65.46875
2005-09-07,69.1371527777778
2005-09-08,68.671875
2005-09-09,65.3211805555556
2005-09-10,63.1527777777778
2005-09-11,62.3420138888889
2005-09-12,68.640625
2005-09-13,74.0434027777778
2005-09-14,79.0850694444444
2005-09-15,74.2604166666667
2005-09-16,76.8871527777778
2005-09-17,72.1927083333333
2005-09-18,70.6527777777778
2005-09-19,73.5347222222222
2005-09-20,75.9618055555556
2005-09-21,75.0746527777778
2005-09-22,76.2239583333333
2005-09-23,72.0104166666667
2005-09-24,76.5815972222222
2005-09-25,77.125
2005-09-26,79.4565972222222
2005-09-27,72.5225694444444
2005-09-28,70.6875
2005-09-29,73.1649305555556
2005-09-30,60.8385416666667
2005-10-01,69.7378472222222
2005-10-02,72.2100694444444
2005-10-03,74.4583333333333
2005-10-04,76.6892361111111
2005-10-05,82.3055555555556
2005-10-06,86.9184027777778
2005-10-07,91.1579861111111
2005-10-08,85.2864583333333
2005-10-09,85.7743055555556
2005-10-10,90.4479166666667
2005-10-11,87.8472222222222
2005-10-12,84.2083333333333
2005-10-13,78.7569444444444
2005-10-14,76.8159722222222
2005-10-15,64.0086805555556
2005-10-16,51.7413194444444
2005-10-17,61.1076388888889
2005-10-18,65.0711805555556
2005-10-19,70.6909722222222
2005-10-20,72.7395833333333
2005-10-21,81.2361111111111
2005-10-22,76.7760416666667
2005-10-23,63.0295138888889
2005-10-24,76.734375
2005-10-25,62.5017361111111
2005-10-26,61.3854166666667
2005-10-27,67.265625
2005-10-28,70.4236111111111
2005-10-29,64.1024305555556
2005-10-30,62.1467013888889
2005-10-31,62.8368055555556
2005-11-01,72.8350694444444
2005-11-02,61.4809027777778
2005-11-03,64.6527777777778
2005-11-04,67.2760416666667
2005-11-05,72.5746527777778
2005-11-06,75.1597222222222
2005-11-07,66.421875
2005-11-08,70.4253472222222
2005-11-09,67.5086805555556
2005-11-10,47.0625
2005-11-11,51.7586805555556
2005-11-12,56.8003472222222
2005-11-13,71.3923611111111
2005-11-14,75.171875
2005-11-15,84.3645833333333
2005-11-16,77.9548611111111
2005-11-17,54.3993055555556
2005-11-18,53.1336805555556
2005-11-19,59.2569444444444
2005-11-20,70.5086805555556
2005-11-21,91.1631944444444
2005-11-22,65.6180555555556
2005-11-23,52.6788194444444
2005-11-24,50.5885416666667
2005-11-25,48.4861111111111
2005-11-26,65.6076388888889
2005-11-27,81.3767361111111
2005-11-28,83.78125
2005-11-29,79.7378472222222
2005-11-30,70.6319444444444
2005-12-01,70.3559027777778
2005-12-02,46.9479166666667
2005-12-03,58.625
2005-12-04,76.2065972222222
2005-12-05,89.1666666666667
2005-12-06,73.5590277777778
2005-12-07,67.5416666666667
2005-12-08,66.609375
2005-12-09,71.9340277777778
2005-12-10,71.3263888888889
2005-12-11,60.7170138888889
2005-12-12,63.7118055555556
2005-12-13,57.2552083333333
2005-12-14,59.3472222222222
2005-12-15,82.8090277777778
2005-12-16,75.2847222222222
2005-12-17,69.9618055555556
2005-12-18,77.9201388888889
2005-12-19,68.1979166666667
2005-12-20,55.0885416666667
2005-12-21,52.0399305555556
2005-12-22,57.9861111111111
2005-12-23,54.84375
2005-12-24,54.046875
2005-12-25,83.7118055555556
2005-12-26,63.7847222222222
2005-12-27,62.5399305555556
2005-12-28,75.8506944444444
2005-12-29,77.4409722222222
2005-12-30,70.9878472222222
2005-12-31,71.4704861111111
2006-01-01,60.9236111111111
2006-01-02,86.2673611111111
2006-01-03,84.359375
2006-01-04,82.0347222222222
2006-01-05,73.7256944444444
2006-01-06,64.6597222222222
2006-01-07,59.8784722222222
2006-01-08,57.2291666666667
2006-01-09,70.4722222222222
2006-01-10,80.5920138888889
2006-01-11,85.5329861111111
2006-01-12,82.9392361111111
2006-01-13,87.0711805555556
2006-01-14,61.8315972222222
2006-01-15,39.5659722222222
2006-01-16,56.7725694444444
2006-01-17,77.4131944444444
2006-01-18,58.2239583333333
2006-01-19,55.9548611111111
2006-01-20,62.8628472222222
2006-01-21,85.1961805555556
2006-01-22,75.3003472222222
2006-01-23,93.9392361111111
2006-01-24,78.6961805555556
2006-01-25,42.3246527777778
2006-01-26,45.2708333333333
2006-01-27,50.2256944444444
2006-01-28,53.6024305555556
2006-01-29,81.0086805555556
2006-01-30,79.7795138888889
2006-01-31,64.7604166666667
2006-02-01,66.9913194444444
2006-02-02,75.0138888888889
2006-02-03,81.6579861111111
2006-02-04,78.4965277777778
2006-02-05,51.0572916666667
2006-02-06,52.6701388888889
2006-02-07,53.1180555555556
2006-02-08,50.8697916666667
2006-02-09,55.5694444444444
2006-02-10,54.6423611111111
2006-02-11,87.4131944444444
2006-02-12,65.2760416666667
2006-02-13,55.6024305555556
2006-02-14,51.0711805555556
2006-02-15,52.7118055555556
2006-02-16,61.6006944444444
2006-02-17,62.1354166666667
2006-02-18,63.8680555555556
2006-02-19,52.7013888888889
2006-02-20,70.9322916666667
2006-02-21,71.875
2006-02-22,85.2378472222222
2006-02-23,72.4548611111111
2006-02-24,42.9375
2006-02-25,65.8871527777778
2006-02-26,38.9114583333333
2006-02-27,37.3038194444444
2006-02-28,45.7256944444444
2006-03-01,57.4618055555556
2006-03-02,58.7916666666667
2006-03-03,50.5208333333333
2006-03-04,39.3003472222222
2006-03-05,39.3524305555556
2006-03-06,70.7829861111111
2006-03-07,56.5746527777778
2006-03-08,53.0399305555556
2006-03-09,56.9791666666667
2006-03-10,64.9947916666667
2006-03-11,74.8871527777778
2006-03-12,73.8715277777778
2006-03-13,70.8680555555556
2006-03-14,46.7864583333333
2006-03-15,29.6423611111111
2006-03-16,45.7222222222222
2006-03-17,51.8072916666667
2006-03-18,41.1336805555556
2006-03-19,33.1059027777778
2006-03-20,58.1545138888889
2006-03-21,91.5763888888889
2006-03-22,57.5833333333333
2006-03-23,55.7482638888889
2006-03-24,75.8802083333333
2006-03-25,69.4340277777778
2006-03-26,60.0486111111111
2006-03-27,57.4982638888889
2006-03-28,65.1875
2006-03-29,67.765625
2006-03-30,64.4704861111111
2006-03-31,68.8107638888889
2006-04-01,68.1163194444444
2006-04-02,58.2952898550725
2006-04-03,72.7881944444444
2006-04-04,46.0295138888889
2006-04-05,39.1805555555556
2006-04-06,46.4131944444444
2006-04-07,45.0538194444444
2006-04-08,69.4895833333333
2006-04-09,54.453125
2006-04-10,53.8159722222222
2006-04-11,53.4878472222222
2006-04-12,61.8159722222222
2006-04-13,63.3402777777778
2006-04-14,59.6388888888889
2006-04-15,50.6788194444444
2006-04-16,51.6666666666667
2006-04-17,70.1788194444444
2006-04-18,63.2256944444444
2006-04-19,73.3038194444444
2006-04-20,67.0590277777778
2006-04-21,71.6267361111111
2006-04-22,85.703125
2006-04-23,71.5885416666667
2006-04-24,63.25
2006-04-25,69.0052083333333
2006-04-26,85.3802083333333
2006-04-27,82.9270833333333
2006-04-28,62.5850694444444
2006-04-29,54.4722222222222
2006-04-30,52.4305555555556
2006-05-01,53.1163194444444
2006-05-02,62.1927083333333
2006-05-03,59.1510416666667
2006-05-04,60.9131944444444
2006-05-05,79.0329861111111
2006-05-06,71.2534722222222
2006-05-07,80.2135416666667
2006-05-08,87.3315972222222
2006-05-09,77.5399305555556
2006-05-10,77.5138888888889
2006-05-11,76.2152777777778
2006-05-12,61.4600694444444
2006-05-13,60.7048611111111
2006-05-14,74.8663194444444
2006-05-15,73.1840277777778
2006-05-16,67.8315972222222
2006-05-17,67.3177083333333
2006-05-18,70.4027777777778
2006-05-19,56.6493055555556
2006-05-20,71.84375
2006-05-21,64.6927083333333
2006-05-22,62.6805555555556
2006-05-23,57.8038194444444
2006-05-24,59.8177083333333
2006-05-25,71.7118055555556
2006-05-26,71.1180555555556
2006-05-27,68.7222222222222
2006-05-28,68.5486111111111
2006-05-29,70.6302083333333
2006-05-30,69.2951388888889
2006-05-31,74.484375
2006-06-01,74.4826388888889
2006-06-02,78.4166666666667
2006-06-03,76.0763888888889
2006-06-04,68.1996527777778
2006-06-05,71.5208333333333
2006-06-06,70.21875
2006-06-07,63.2256944444444
2006-06-08,70.8159722222222
2006-06-09,65.6961805555556
2006-06-10,59.5833333333333
2006-06-11,71.7777777777778
2006-06-12,80.59375
2006-06-13,79.7013888888889
2006-06-14,82.5486111111111
2006-06-15,65.9513888888889
2006-06-16,63.8715277777778
2006-06-17,64.4322916666667
2006-06-18,66.0763888888889
2006-06-19,67.1684027777778
2006-06-20,66.6371527777778
2006-06-21,69.9201388888889
2006-06-22,72.2569444444444
2006-06-23,78.2083333333333
2006-06-24,79.53125
2006-06-25,83.5052083333333
2006-06-26,86.5555555555556
2006-06-27,85.5052083333333
2006-06-28,75.1111111111111
2006-06-29,70.3263888888889
2006-06-30,67.5451388888889
2006-07-01,68.8611111111111
2006-07-02,68.2621527777778
2006-07-03,67.8090277777778
2006-07-04,71.4010416666667
2006-07-05,76.0173611111111
2006-07-06,81.875
2006-07-07,69.375
2006-07-08,67.4513888888889
2006-07-09,70.8767361111111
2006-07-10,70.6822916666667
2006-07-11,72.8350694444444
2006-07-12,74.1371527777778
2006-07-13,75.2378472222222
2006-07-14,77.6875
2006-07-15,76.8645833333333
2006-07-16,68.9392361111111
2006-07-17,66.9166666666667
2006-07-18,67.4131944444444
2006-07-19,69.3402777777778
2006-07-20,75.5746527777778
2006-07-21,74.0225694444444
2006-07-22,74.1892361111111
2006-07-23,80.2760416666667
2006-07-24,78.8246527777778
2006-07-25,83.2100694444444
2006-07-26,77.8020833333333
2006-07-27,75.953125
2006-07-28,71.8454861111111
2006-07-29,75.6163194444444
2006-07-30,74.0347222222222
2006-07-31,71.234375
2006-08-01,70.5538194444444
2006-08-02,71.3836805555556
2006-08-03,72.0364583333333
2006-08-04,69.9826388888889
2006-08-05,73.3871527777778
2006-08-06,73.0902777777778
2006-08-07,76.2552083333333
2006-08-08,75.2986111111111
2006-08-09,75.703125
2006-08-10,77.0902777777778
2006-08-11,81.2135416666667
2006-08-12,76.359375
2006-08-13,68.8333333333333
2006-08-14,71.1371527777778
2006-08-15,74.6597222222222
2006-08-16,77.4895833333333
2006-08-17,74.2378472222222
2006-08-18,76.2482638888889
2006-08-19,76.6996527777778
2006-08-20,77.0208333333333
2006-08-21,76.9010416666667
2006-08-22,83.2534722222222
2006-08-23,78.0017361111111
2006-08-24,75.1892361111111
2006-08-25,72.3697916666667
2006-08-26,69.4600694444444
2006-08-27,72.9513888888889
2006-08-28,72.4097222222222
2006-08-29,73.1909722222222
2006-08-30,82.5538194444444
2006-08-31,89.7222222222222
2006-09-01,82.0763888888889
2006-09-02,76.6545138888889
2006-09-03,79.1684027777778
2006-09-04,84.5381944444444
2006-09-05,85.7951388888889
2006-09-06,81.3975694444444
2006-09-07,79.9392361111111
2006-09-08,76.7864583333333
2006-09-09,76.6822916666667
2006-09-10,75.5694444444444
2006-09-11,74.8958333333333
2006-09-12,72.6458333333333
2006-09-13,85.8802083333333
2006-09-14,83.7638888888889
2006-09-15,75.2951388888889
2006-09-16,75.875
2006-09-17,75.3611111111111
2006-09-18,74.5243055555556
2006-09-19,77.5347222222222
2006-09-20,61.7534722222222
2006-09-21,64.9375
2006-09-22,73.2204861111111
2006-09-23,75.6232638888889
2006-09-24,76.6493055555556
2006-09-25,73.6458333333333
2006-09-26,68.0920138888889
2006-09-27,72.6545138888889
2006-09-28,74.1388888888889
2006-09-29,67.8923611111111
2006-09-30,70.2621527777778
2006-10-01,69.0850694444444
2006-10-02,67.9322916666667
2006-10-03,70.6302083333333
2006-10-04,71.4340277777778
2006-10-05,72.7239583333333
2006-10-06,79.6388888888889
2006-10-07,80.9010416666667
2006-10-08,84.7708333333333
2006-10-09,78.3315972222222
2006-10-10,71.3802083333333
2006-10-11,80.5520833333333
2006-10-12,67.3125
2006-10-13,57.2708333333333
2006-10-14,54.1961805555556
2006-10-15,56.5295138888889
2006-10-16,64.8125
2006-10-17,87.5052083333333
2006-10-18,85.1319444444444
2006-10-19,87.8506944444444
2006-10-20,68.8420138888889
2006-10-21,66.9600694444444
2006-10-22,82.0434027777778
2006-10-23,55.7743055555556
2006-10-24,53.1961805555556
2006-10-25,58.6597222222222
2006-10-26,62.4340277777778
2006-10-27,83.6875
2006-10-28,62.5243055555556
2006-10-29,51.2404513888889
2006-10-30,63.3194444444444
2006-10-31,67.7048611111111
2006-11-01,69.7621527777778
2006-11-02,63.5138888888889
2006-11-03,44.7274305555556
2006-11-04,55.578125
2006-11-05,60.7204861111111
2006-11-06,64
2006-11-07,86.4409722222222
2006-11-08,82.6545138888889
2006-11-09,67.90625
2006-11-10,63.7413194444444
2006-11-11,71.5017361111111
2006-11-12,67.65625
2006-11-13,70.359375
2006-11-14,67.7118055555556
2006-11-15,75.3229166666667
2006-11-16,75.4166666666667
2006-11-17,65.9375
2006-11-18,66.6684027777778
2006-11-19,68.8940972222222
2006-11-20,63.9357638888889
2006-11-21,70.8854166666667
2006-11-22,81.5729166666667
2006-11-23,75.0763888888889
2006-11-24,61.484375
2006-11-25,60.3315972222222
2006-11-26,68.5364583333333
2006-11-27,71.7083333333333
2006-11-28,75.8524305555556
2006-11-29,81.0711805555556
2006-11-30,81.3350694444444
2006-12-01,71.7795138888889
2006-12-02,51.3628472222222
2006-12-03,64.5034722222222
2006-12-04,50.0555555555556
2006-12-05,51.9340277777778
2006-12-06,61.8680555555556
2006-12-07,50.0347222222222
2006-12-08,38.8645833333333
2006-12-09,48.1024305555556
2006-12-10,46.5746527777778
2006-12-11,49.4895833333333
2006-12-12,56.8368055555556
2006-12-13,76.0642361111111
2006-12-14,80.7881944444444
2006-12-15,72.6232638888889
2006-12-16,61.0989583333333
2006-12-17,66.75
2006-12-18,68.2239583333333
2006-12-19,68.9270833333333
2006-12-20,60.1319444444444
2006-12-21,74.0555555555556
2006-12-22,85.4461805555556
2006-12-23,79.7934027777778
2006-12-24,64.9322916666667
2006-12-25,85.5798611111111
2006-12-26,70.2222222222222
2006-12-27,59.1180555555556
2006-12-28,66.7534722222222
2006-12-29,69.5902777777778
2006-12-30,73.0538194444444
2006-12-31,79.0694444444444
2007-01-01,77.6041666666667
2007-01-02,61.2673611111111
2007-01-03,73.6458333333333
2007-01-04,78.9201388888889
2007-01-05,88.6736111111111
2007-01-06,74.84375
2007-01-07,84.7447916666667
2007-01-08,63.2413194444444
2007-01-09,52.7430555555556
2007-01-10,47.1805555555556
2007-01-11,58.7465277777778
2007-01-12,71.5572916666667
2007-01-13,76.3715277777778
2007-01-14,75.4184027777778
2007-01-15,76.2795138888889
2007-01-16,67.2204861111111
2007-01-17,48.5017361111111
2007-01-18,83.9930555555556
2007-01-19,67.6736111111111
2007-01-20,44.8315972222222
2007-01-21,69.9479166666667
2007-01-22,90.3854166666667
2007-01-23,73.8958333333333
2007-01-24,68.1909722222222
2007-01-25,56.3697916666667
2007-01-26,41.7708333333333
2007-01-27,40.3784722222222
2007-01-28,56.546875
2007-01-29,40.8090277777778
2007-01-30,44.8819444444444
2007-01-31,41.2777777777778
2007-02-01,79.0243055555556
2007-02-02,87.2760416666667
2007-02-03,49.4131944444444
2007-02-04,41.5625
2007-02-05,34.0225694444444
2007-02-06,38.4513888888889
2007-02-07,49.8680555555556
2007-02-08,41.5329861111111
2007-02-09,35.0173611111111
2007-02-10,34.5104166666667
2007-02-11,41.3871527777778
2007-02-12,57.5538194444444
2007-02-13,79.859375
2007-02-14,72.4861111111111
2007-02-15,46.21875
2007-02-16,40.9201388888889
2007-02-17,52.8541666666667
2007-02-18,45.8767361111111
2007-02-19,43.3472222222222
2007-02-20,59.4079861111111
2007-02-21,75.5902777777778
2007-02-22,53.1180555555556
2007-02-23,29.9340277777778
2007-02-24,37.3836805555556
2007-02-25,74.7482638888889
2007-02-26,73.0954861111111
2007-02-27,59.8680555555556
2007-02-28,55.5642361111111
2007-03-01,76.6388888888889
2007-03-02,51.8350694444444
2007-03-03,38.0659722222222
2007-03-04,43.890625
2007-03-05,39.4756944444444
2007-03-06,41.3125
2007-03-07,53.9184027777778
2007-03-08,57.0815972222222
2007-03-09,61.6493055555556
2007-03-10,66.7100694444444
2007-03-11,56.1358695652174
2007-03-12,53.3940972222222
2007-03-13,59.1788194444444
2007-03-14,58.6145833333333
2007-03-15,65.0416666666667
2007-03-16,85.5416666666667
2007-03-17,53.5920138888889
2007-03-18,44.2100694444444
2007-03-19,51.2899305555556
2007-03-20,56.8559027777778
2007-03-21,67.4739583333333
2007-03-22,67.2760416666667
2007-03-23,63.5329861111111
2007-03-24,62.0572916666667
2007-03-25,60.1510416666667
2007-03-26,65.3142361111111
2007-03-27,66.0503472222222
2007-03-28,64.0104166666667
2007-03-29,70.6996527777778
2007-03-30,56.3611111111111
2007-03-31,64.4913194444444
2007-04-01,75.8246527777778
2007-04-02,66.2395833333333
2007-04-03,60.3055555555556
2007-04-04,56.8003472222222
2007-04-05,37.9288194444444
2007-04-06,45.3072916666667
2007-04-07,46.9097222222222
2007-04-08,41.5190972222222
2007-04-09,46.9635416666667
2007-04-10,50.6006944444444
2007-04-11,76.5451388888889
2007-04-12,58.0746527777778
2007-04-13,42.2048611111111
2007-04-14,58.21875
2007-04-15,78.6197916666667
2007-04-16,40.0399305555556
2007-04-17,35.2135416666667
2007-04-18,53.9618055555556
2007-04-19,70.4565972222222
2007-04-20,62.9565972222222
2007-04-21,52.6892361111111
2007-04-22,49.3506944444444
2007-04-23,49.8628472222222
2007-04-24,60.7534722222222
2007-04-25,59.0729166666667
2007-04-26,68.8159722222222
2007-04-27,69.1961805555556
2007-04-28,56.7239583333333
2007-04-29,49.2482638888889
2007-04-30,46.265625
2007-05-01,46.2864583333333
2007-05-02,55.8246527777778
2007-05-03,75.1284722222222
2007-05-04,81.5260416666667
2007-05-05,81.0173611111111
2007-05-06,60.6215277777778
2007-05-07,48.3819444444444
2007-05-08,68.046875
2007-05-09,78.3315972222222
2007-05-10,76.359375
2007-05-11,72.2413194444444
2007-05-12,79.1996527777778
2007-05-13,70.6944444444444
2007-05-14,56.1649305555556
2007-05-15,60.1423611111111
2007-05-16,64.4704861111111
2007-05-17,70.3611111111111
2007-05-18,67.5833333333333
2007-05-19,56.6944444444444
2007-05-20,47.9114583333333
2007-05-21,52.3003472222222
2007-05-22,63.9236111111111
2007-05-23,65.3211805555556
2007-05-24,62.0972222222222
2007-05-25,63.3524305555556
2007-05-26,62.609375
2007-05-27,59.7413194444444
2007-05-28,62.0763888888889
2007-05-29,60.8003472222222
2007-05-30,58.4288194444444
2007-05-31,61.5642361111111
2007-06-01,62.5208333333333
2007-06-02,72.390625
2007-06-03,83.3368055555556
2007-06-04,66.6770833333333
2007-06-05,61.3194444444444
2007-06-06,61.6909722222222
2007-06-07,66.2135416666667
2007-06-08,70.5607638888889
2007-06-09,64.8003472222222
2007-06-10,64.8611111111111
2007-06-11,73.2586805555556
2007-06-12,73.3454861111111
2007-06-13,74.8680555555556
2007-06-14,78.0503472222222
2007-06-15,77.4166666666667
2007-06-16,75.2916666666667
2007-06-17,66.0555555555556
2007-06-18,63.0260416666667
2007-06-19,67.890625
2007-06-20,73.1909722222222
2007-06-21,56.8194444444444
2007-06-22,57.0121527777778
2007-06-23,60.9340277777778
2007-06-24,71.359375
2007-06-25,74.890625
2007-06-26,70.4809027777778
2007-06-27,70.484375
2007-06-28,70.0729166666667
2007-06-29,72.9878472222222
2007-06-30,78.3697916666667
2007-07-01,67.3420138888889
2007-07-02,62.2725694444444
2007-07-03,63.3958333333333
2007-07-04,62.6354166666667
2007-07-05,65.1024305555556
2007-07-06,68.2534722222222
2007-07-07,73.0520833333333
2007-07-08,72.1666666666667
2007-07-09,73.921875
2007-07-10,76.1475694444444
2007-07-11,72.7916666666667
2007-07-12,64.7638888888889
2007-07-13,67.9097222222222
2007-07-14,69.796875
2007-07-15,74.84375
2007-07-16,73.0104166666667
2007-07-17,74.6180555555556
2007-07-18,74.0121527777778
2007-07-19,67.5954861111111
2007-07-20,72.0729166666667
2007-07-21,59.5677083333333
2007-07-22,59.4149305555556
2007-07-23,61.8368055555556
2007-07-24,69.6284722222222
2007-07-25,73.2482638888889
2007-07-26,72.8229166666667
2007-07-27,74.7256944444444
2007-07-28,78.6684027777778
2007-07-29,78.8715277777778
2007-07-30,83.8819444444444
2007-07-31,74.9305555555556
2007-08-01,69.3697916666667
2007-08-02,66.78125
2007-08-03,70.9635416666667
2007-08-04,67.7552083333333
2007-08-05,68.8454861111111
2007-08-06,70.8611111111111
2007-08-07,68.9913194444444
2007-08-08,66.4548611111111
2007-08-09,65.6215277777778
2007-08-10,68.4097222222222
2007-08-11,71.5190972222222
2007-08-12,68.6024305555556
2007-08-13,62.3489583333333
2007-08-14,58.0677083333333
2007-08-15,61.2847222222222
2007-08-16,65.8663194444444
2007-08-17,67.4270833333333
2007-08-18,57.0434027777778
2007-08-19,65.7378472222222
2007-08-20,62.7135416666667
2007-08-21,67.3454861111111
2007-08-22,72.5798611111111
2007-08-23,77.2083333333333
2007-08-24,75.6545138888889
2007-08-25,70.21875
2007-08-26,78.1440972222222
2007-08-27,80.2013888888889
2007-08-28,72.7777777777778
2007-08-29,71.4878472222222
2007-08-30,73.6909722222222
2007-08-31,72.4184027777778
2007-09-01,72.7256944444444
2007-09-02,62.7569444444444
2007-09-03,65.5642361111111
2007-09-04,62.2847222222222
2007-09-05,63.2118055555556
2007-09-06,65.5989583333333
2007-09-07,65.1840277777778
2007-09-08,63.8576388888889
2007-09-09,66.9288194444444
2007-09-10,62.5954861111111
2007-09-11,62.1163194444444
2007-09-12,65.9791666666667
2007-09-13,72.7951388888889
2007-09-14,83.1440972222222
2007-09-15,71.0868055555556
2007-09-16,58.6892361111111
2007-09-17,65.7170138888889
2007-09-18,68.2326388888889
2007-09-19,76.328125
2007-09-20,82.6909722222222
2007-09-21,85.5711805555556
2007-09-22,79.8003472222222
2007-09-23,71.6944444444444
2007-09-24,69.640625
2007-09-25,72.0920138888889
2007-09-26,70.5711805555556
2007-09-27,74.1371527777778
2007-09-28,59.8038194444444
2007-09-29,50.1666666666667
2007-09-30,61.2222222222222
2007-10-01,68.1041666666667
2007-10-02,73.9010416666667
2007-10-03,77.5642361111111
2007-10-04,82.1979166666667
2007-10-05,83.4114583333333
2007-10-06,83.1597222222222
2007-10-07,76.6423611111111
2007-10-08,71.4565972222222
2007-10-09,67.6684027777778
2007-10-10,65.5017361111111
2007-10-11,52.6927083333333
2007-10-12,57.0399305555556
2007-10-13,61.9670138888889
2007-10-14,62.7552083333333
2007-10-15,64.5173611111111
2007-10-16,74.1354166666667
2007-10-17,74.6892361111111
2007-10-18,81.6336805555556
2007-10-19,82.9079861111111
2007-10-20,63.8767361111111
2007-10-21,63.1284722222222
2007-10-22,75.4409722222222
2007-10-23,80.84375
2007-10-24,87.2569444444444
2007-10-25,88.5885416666667
2007-10-26,91.5538194444444
2007-10-27,79.1788194444444
2007-10-28,65.9375
2007-10-29,61.1892361111111
2007-10-30,70.2309027777778
2007-10-31,73.7447916666667
2007-11-01,72.65625
2007-11-02,58.5920138888889
2007-11-03,60.1493055555556
2007-11-04,56.2630208333333
2007-11-05,54.3524305555556
2007-11-06,48.515625
2007-11-07,52.5381944444444
2007-11-08,63.953125
2007-11-09,63.2274305555556
2007-11-10,64.5763888888889
2007-11-11,71.640625
2007-11-12,66.3524305555556
2007-11-13,66.5138888888889
2007-11-14,74.8871527777778
2007-11-15,69.0659722222222
2007-11-16,55.4895833333333
2007-11-17,60.1440972222222
2007-11-18,65.21875
2007-11-19,74.9131944444444
2007-11-20,79.109375
2007-11-21,70.4513888888889
2007-11-22,70.9184027777778
2007-11-23,52.7552083333333
2007-11-24,59.875
2007-11-25,72.21875
2007-11-26,88.1927083333333
2007-11-27,65.9895833333333
2007-11-28,59.8315972222222
2007-11-29,70.3003472222222
2007-11-30,49.8177083333333
2007-12-01,49.8368055555556
2007-12-02,67.6736111111111
2007-12-03,55.484375
2007-12-04,41.4548611111111
2007-12-05,52.078125
2007-12-06,57.4704861111111
2007-12-07,68.1180555555556
2007-12-08,73.8871527777778
2007-12-09,81.8211805555556
2007-12-10,77.9357638888889
2007-12-11,78.3454861111111
2007-12-12,75.8940972222222
2007-12-13,76.8420138888889
2007-12-14,69.1649305555556
2007-12-15,84.8472222222222
2007-12-16,70.5520833333333
2007-12-17,50.5868055555556
2007-12-18,58.171875
2007-12-19,69.9097222222222
2007-12-20,73.6996527777778
2007-12-21,81.8211805555556
2007-12-22,81.7413194444444
2007-12-23,83.0486111111111
2007-12-24,57.1059027777778
2007-12-25,58.5920138888889
2007-12-26,84.1423611111111
2007-12-27,82.5954861111111
2007-12-28,85.7152777777778
2007-12-29,84.5572916666667
2007-12-30,92.046875
2007-12-31,71.7986111111111
2008-01-01,56.6267361111111
2008-01-02,45.7916666666667
2008-01-03,47.4652777777778
2008-01-04,54.4826388888889
2008-01-05,54.546875
2008-01-06,68.7638888888889
2008-01-07,77.4965277777778
2008-01-08,81.7604166666667
2008-01-09,73.5086805555556
2008-01-10,76.1145833333333
2008-01-11,76.7065972222222
2008-01-12,70.7430555555556
2008-01-13,77.0364583333333
2008-01-14,63.8680555555556
2008-01-15,52.7482638888889
2008-01-16,51.4722222222222
2008-01-17,86.0086805555556
2008-01-18,84.1232638888889
2008-01-19,84.8506944444444
2008-01-20,54.6753472222222
2008-01-21,45.1388888888889
2008-01-22,71.6666666666667
2008-01-23,79.9670138888889
2008-01-24,70.8402777777778
2008-01-25,47.5555555555556
2008-01-26,61.109375
2008-01-27,63.4861111111111
2008-01-28,58.21875
2008-01-29,48.625
2008-01-30,50.1736111111111
2008-01-31,48.2569444444444
2008-02-01,79.3090277777778
2008-02-02,67.8142361111111
2008-02-03,64.6822916666667
2008-02-04,76.6857638888889
2008-02-05,79.0590277777778
2008-02-06,73.9930555555556
2008-02-07,54.1701388888889
2008-02-08,62.6579861111111
2008-02-09,55.0034722222222
2008-02-10,33.1857638888889
2008-02-11,33.8385416666667
2008-02-12,68.8541666666667
2008-02-13,84.4149305555556
2008-02-14,64.2534722222222
2008-02-15,61.4913194444444
2008-02-16,62.3229166666667
2008-02-17,77.4479166666667
2008-02-18,68.8888888888889
2008-02-19,46.2847222222222
2008-02-20,50.1545138888889
2008-02-21,61.9270833333333
2008-02-22,88.921875
2008-02-23,82.9583333333333
2008-02-24,71.5711805555556
2008-02-25,72.3350694444444
2008-02-26,79.7378472222222
2008-02-27,51.0746527777778
2008-02-28,46.2256944444444
2008-02-29,52.4166666666667
2008-03-01,49.5503472222222
2008-03-02,49.921875
2008-03-03,64.0347222222222
2008-03-04,77.2673611111111
2008-03-05,65.3142361111111
2008-03-06,66.8854166666667
2008-03-07,87.1996527777778
2008-03-08,66.2690972222222
2008-03-09,47.0978260869565
2008-03-10,54.9270833333333
2008-03-11,60.5868055555556
2008-03-12,48.9027777777778
2008-03-13,52.8177083333333
2008-03-14,54.6822916666667
2008-03-15,76.2569444444444
2008-03-16,66.5138888888889
2008-03-17,50.5798611111111
2008-03-18,65.2847222222222
2008-03-19,75.4288194444444
2008-03-20,48.3263888888889
2008-03-21,43.1059027777778
2008-03-22,49.5538194444444
2008-03-23,51.7395833333333
2008-03-24,57.453125
2008-03-25,50.2916666666667
2008-03-26,43.953125
2008-03-27,49.3003472222222
2008-03-28,58.515625
2008-03-29,69.578125
2008-03-30,78.4340277777778
2008-03-31,82.8298611111111
2008-04-01,80.5625
2008-04-02,60.2725694444444
2008-04-03,71.0381944444444
2008-04-04,83.4131944444444
2008-04-05,89.5868055555556
2008-04-06,84.3680555555556
2008-04-07,82.6909722222222
2008-04-08,78.34375
2008-04-09,77.8506944444444
2008-04-10,74.0364583333333
2008-04-11,71.7847222222222
2008-04-12,69.0920138888889
2008-04-13,53.2708333333333
2008-04-14,66.8732638888889
2008-04-15,51.2048611111111
2008-04-16,47.7517361111111
2008-04-17,48.4774305555556
2008-04-18,47.7413194444444
2008-04-19,63.7638888888889
2008-04-20,74.375
2008-04-21,78.203125
2008-04-22,80.1006944444444
2008-04-23,77.2881944444444
2008-04-24,70.7899305555556
2008-04-25,67.5017361111111
2008-04-26,69.3993055555556
2008-04-27,81.9270833333333
2008-04-28,83.0225694444444
2008-04-29,57.3576388888889
2008-04-30,57.5677083333333
2008-05-01,60.109375
2008-05-02,62.9444444444444
2008-05-03,67.9600694444444
2008-05-04,65.9131944444444
2008-05-05,69.1215277777778
2008-05-06,62.6579861111111
2008-05-07,59.6527777777778
2008-05-08,71.6753472222222
2008-05-09,69.578125
2008-05-10,65.6631944444444
2008-05-11,78.2847222222222
2008-05-12,62.1302083333333
2008-05-13,58.6666666666667
2008-05-14,64.5520833333333
2008-05-15,75.1527777777778
2008-05-16,75.2934027777778
2008-05-17,56.3541666666667
2008-05-18,68.4583333333333
2008-05-19,60.6267361111111
2008-05-20,68.5989583333333
2008-05-21,65.3142361111111
2008-05-22,57.1597222222222
2008-05-23,60.8385416666667
2008-05-24,70.171875
2008-05-25,63.5104166666667
2008-05-26,61.8628472222222
2008-05-27,67.3854166666667
2008-05-28,83.0642361111111
2008-05-29,71.8350694444444
2008-05-30,74.3923611111111
2008-05-31,73.171875
2008-06-01,68.8541666666667
2008-06-02,63.7274305555556
2008-06-03,68.5920138888889
2008-06-04,69.609375
2008-06-05,66.140625
2008-06-06,66.921875
2008-06-07,62.5260416666667
2008-06-08,60.7847222222222
2008-06-09,61.4947916666667
2008-06-10,64.5538194444444
2008-06-11,68.9513888888889
2008-06-12,68.1024305555556
2008-06-13,66.1961805555556
2008-06-14,70.6197916666667
2008-06-15,72.7604166666667
2008-06-16,64.125
2008-06-17,59.9131944444444
2008-06-18,50.1232638888889
2008-06-19,55.1892361111111
2008-06-20,63.8940972222222
2008-06-21,72.7204861111111
2008-06-22,75.59375
2008-06-23,74.0538194444444
2008-06-24,61.2621527777778
2008-06-25,61.7951388888889
2008-06-26,64.7378472222222
2008-06-27,68.6805555555556
2008-06-28,65.6996527777778
2008-06-29,68.4982638888889
2008-06-30,66.6006944444444
2008-07-01,57.96875
2008-07-02,57.7309027777778
2008-07-03,60.3211805555556
2008-07-04,69.71875
2008-07-05,80.6197916666667
2008-07-06,82.28125
2008-07-07,79.5347222222222
2008-07-08,79.9131944444444
2008-07-09,81.4114583333333
2008-07-10,81.2621527777778
2008-07-11,80.3645833333333
2008-07-12,72.1319444444444
2008-07-13,75.6805555555556
2008-07-14,77.5
2008-07-15,73.1649305555556
2008-07-16,69.0069444444444
2008-07-17,66.0243055555556
2008-07-18,73.4079861111111
2008-07-19,77.5538194444444
2008-07-20,72.4270833333333
2008-07-21,66.1111111111111
2008-07-22,67.5659722222222
2008-07-23,78.8506944444444
2008-07-24,72.0295138888889
2008-07-25,72.9045138888889
2008-07-26,76.7204861111111
2008-07-27,75.0729166666667
2008-07-28,68.7690972222222
2008-07-29,76.1961805555556
2008-07-30,76.5711805555556
2008-07-31,78.3697916666667
2008-08-01,73.9982638888889
2008-08-02,72.5208333333333
2008-08-03,69.6961805555556
2008-08-04,69.9565972222222
2008-08-05,69.2760416666667
2008-08-06,65.6788194444444
2008-08-07,69.1041666666667
2008-08-08,65.171875
2008-08-09,63.5086805555556
2008-08-10,70.8958333333333
2008-08-11,63.4947916666667
2008-08-12,61.3923611111111
2008-08-13,84.4375
2008-08-14,76.5520833333333
2008-08-15,75.78125
2008-08-16,74.7309027777778
2008-08-17,76.2881944444444
2008-08-18,74.2777777777778
2008-08-19,70.9097222222222
2008-08-20,71.9270833333333
2008-08-21,71.9878472222222
2008-08-22,69.515625
2008-08-23,69.8246527777778
2008-08-24,70.5538194444444
2008-08-25,78.0920138888889
2008-08-26,85.3506944444444
2008-08-27,84.6111111111111
2008-08-28,81.7118055555556
2008-08-29,76.7048611111111
2008-08-30,76.4114583333333
2008-08-31,76.9635416666667
2008-09-01,68.0729166666667
2008-09-02,67.6076388888889
2008-09-03,66.9427083333333
2008-09-04,68.1440972222222
2008-09-05,79.3680555555556
2008-09-06,74.7795138888889
2008-09-07,73.1944444444444
2008-09-08,75.0364583333333
2008-09-09,80.0815972222222
2008-09-10,87.6927083333333
2008-09-11,87.6493055555556
2008-09-12,84.3697916666667
2008-09-13,79.3993055555556
2008-09-14,76.2222222222222
2008-09-15,74.0902777777778
2008-09-16,83.8506944444444
2008-09-17,77.8802083333333
2008-09-18,70.8038194444444
2008-09-19,73.7378472222222
2008-09-20,77.9270833333333
2008-09-21,78.9409722222222
2008-09-22,75.5746527777778
2008-09-23,74.6649305555556
2008-09-24,66.4565972222222
2008-09-25,79.4930555555556
2008-09-26,86.9635416666667
2008-09-27,84.9618055555556
2008-09-28,80.8784722222222
2008-09-29,77.7239583333333
2008-09-30,82.6458333333333
2008-10-01,77.5069444444444
2008-10-02,67.3836805555556
2008-10-03,70.5920138888889
2008-10-04,73.328125
2008-10-05,74.5416666666667
2008-10-06,74.7881944444444
2008-10-07,73.8524305555556
2008-10-08,79.2986111111111
2008-10-09,84.484375
2008-10-10,85.7100694444444
2008-10-11,75.5989583333333
2008-10-12,69.7118055555556
2008-10-13,75.8020833333333
2008-10-14,72.921875
2008-10-15,72.3420138888889
2008-10-16,72.2170138888889
2008-10-17,84.3524305555556
2008-10-18,79.8211805555556
2008-10-19,63.9826388888889
2008-10-20,66.9548611111111
2008-10-21,64.6163194444444
2008-10-22,57.0902777777778
2008-10-23,69.1631944444444
2008-10-24,80.8611111111111
2008-10-25,84.1545138888889
2008-10-26,72.5017361111111
2008-10-27,69.2482638888889
2008-10-28,59.9947916666667
2008-10-29,54.8263888888889
2008-10-30,58.2048611111111
2008-10-31,63.0017361111111
2008-11-01,62.3541666666667
2008-11-02,67.4713541666667
2008-11-03,85.6006944444444
2008-11-04,86.7065972222222
2008-11-05,80.2430555555556
2008-11-06,70.4427083333333
2008-11-07,72.8611111111111
2008-11-08,66.6197916666667
2008-11-09,64.5711805555556
2008-11-10,64.5416666666667
2008-11-11,64.1597222222222
2008-11-12,67.7326388888889
2008-11-13,89.4045138888889
2008-11-14,92.984375
2008-11-15,77.2204861111111
2008-11-16,61.8871527777778
2008-11-17,64.3350694444444
2008-11-18,53.0520833333333
2008-11-19,52.0104166666667
2008-11-20,54.609375
2008-11-21,53.8628472222222
2008-11-22,48.6284722222222
2008-11-23,53.8645833333333
2008-11-24,67.6649305555556
2008-11-25,61.2065972222222
2008-11-26,59.6163194444444
2008-11-27,65.2326388888889
2008-11-28,66.7621527777778
2008-11-29,76.515625
2008-11-30,90.3194444444444
2008-12-01,67.1076388888889
2008-12-02,70.703125
2008-12-03,68.8871527777778
2008-12-04,68.7777777777778
2008-12-05,66.3020833333333
2008-12-06,72.6996527777778
2008-12-07,56.9010416666667
2008-12-08,54.5920138888889
2008-12-09,72.7135416666667
2008-12-10,87.0121527777778
2008-12-11,87.8402777777778
2008-12-12,64.0486111111111
2008-12-13,60.8628472222222
2008-12-14,72.5694444444444
2008-12-15,79.0833333333333
2008-12-16,90.1666666666667
2008-12-17,91.2708333333333
2008-12-18,89.3194444444444
2008-12-19,81.9184027777778
2008-12-20,83.3819444444444
2008-12-21,67.1805555555556
2008-12-22,42.8802083333333
2008-12-23,54.8402777777778
2008-12-24,73.3072916666667
2008-12-25,72.5538194444444
2008-12-26,77.4791666666667
2008-12-27,88.734375
2008-12-28,83.2673611111111
2008-12-29,67.8559027777778
2008-12-30,52.0086805555556
2008-12-31,43.6545138888889
2009-01-01,45.1197916666667
2009-01-02,77.0190972222222
2009-01-03,82.7065972222222
2009-01-04,89.1649305555556
2009-01-05,89.9965277777778
2009-01-06,92.0260416666667
2009-01-07,70.8576388888889
2009-01-08,53.1510416666667
2009-01-09,54.5555555555556
2009-01-10,66.6336805555556
2009-01-11,75.28125
2009-01-12,63.1822916666667
2009-01-13,80.3298611111111
2009-01-14,58.1875
2009-01-15,48.53125
2009-01-16,35.7517361111111
2009-01-17,45.1770833333333
2009-01-18,72.6875
2009-01-19,79.5677083333333
2009-01-20,70.5086805555556
2009-01-21,56.6354166666667
2009-01-22,54.359375
2009-01-23,61.5225694444444
2009-01-24,64.9270833333333
2009-01-25,55.4930555555556
2009-01-26,62.9166666666667
2009-01-27,86.4288194444444
2009-01-28,87.9131944444444
2009-01-29,74.2204861111111
2009-01-30,61.1111111111111
2009-01-31,47.1736111111111
2009-02-01,52.9201388888889
2009-02-02,68.6996527777778
2009-02-03,64.5
2009-02-04,52.9583333333333
2009-02-05,43.125
2009-02-06,51.8159722222222
2009-02-07,53.4826388888889
2009-02-08,55.21875
2009-02-09,64.2178819444444
2009-02-10,71.2465277777778
2009-02-11,72.9878472222222
2009-02-12,41.5399305555556
2009-02-13,40.6909722222222
2009-02-14,66.0659722222222
2009-02-15,58.4392361111111
2009-02-16,58.6736111111111
2009-02-17,51.3072916666667
2009-02-18,83.6197916666667
2009-02-19,57.9340277777778
2009-02-20,38.9965277777778
2009-02-21,48.171875
2009-02-22,53.1875
2009-02-23,43.8975694444444
2009-02-24,45.3715277777778
2009-02-25,51.4357638888889
2009-02-26,64.8107638888889
2009-02-27,77.4774305555556
2009-02-28,93.140625
2009-03-01,92.8732638888889
2009-03-02,71.7725694444444
2009-03-03,53.8420138888889
2009-03-04,57.5607638888889
2009-03-05,55.40625
2009-03-06,62.5989583333333
2009-03-07,64.2361111111111
2009-03-08,57.8623188405797
2009-03-09,48.140625
2009-03-10,57.7951388888889
2009-03-11,69.5399305555556
2009-03-12,42.4010416666667
2009-03-13,73.1857638888889
2009-03-14,92.671875
2009-03-15,92.5520833333333
2009-03-16,94.9131944444444
2009-03-17,84.1631944444444
2009-03-18,74.9982638888889
2009-03-19,68.8975694444444
2009-03-20,55.3246527777778
2009-03-21,56.421875
2009-03-22,59.2864583333333
2009-03-23,56.5868055555556
2009-03-24,54.2239583333333
2009-03-25,70.4010416666667
2009-03-26,88.9322916666667
2009-03-27,92.0017361111111
2009-03-28,90.6857638888889
2009-03-29,66.7065972222222
2009-03-30,49.8854166666667
2009-03-31,60.2725694444444
2009-04-01,81.8368055555556
2009-04-02,90.9045138888889
2009-04-03,65.5260416666667
2009-04-04,47.2795138888889
2009-04-05,54.7083333333333
2009-04-06,65.4236111111111
2009-04-07,50.0572916666667
2009-04-08,48.8645833333333
2009-04-09,49.8489583333333
2009-04-10,69.5833333333333
2009-04-11,69.078125
2009-04-12,54.984375
2009-04-13,72.3385416666667
2009-04-14,87.1909722222222
2009-04-15,73.4201388888889
2009-04-16,54.1996527777778
2009-04-17,51.4930555555556
2009-04-18,49.5243055555556
2009-04-19,64.9045138888889
2009-04-20,76.3055555555556
2009-04-21,62.8888888888889
2009-04-22,48.0121527777778
2009-04-23,47.9322916666667
2009-04-24,62.2951388888889
2009-04-25,63.2743055555556
2009-04-26,62.453125
2009-04-27,61.9913194444444
2009-04-28,65.1180555555556
2009-04-29,70.5711805555556
2009-04-30,80.2864583333333
2009-05-01,73.3385416666667
2009-05-02,74.765625
2009-05-03,76.7118055555556
2009-05-04,75.1857638888889
2009-05-05,88.6614583333333
2009-05-06,84.4305555555556
2009-05-07,78.8211805555556
2009-05-08,79.5295138888889
2009-05-09,72.8472222222222
2009-05-10,62.2708333333333
2009-05-11,80.1180555555556
2009-05-12,70.2899305555556
2009-05-13,66.6979166666667
2009-05-14,79.2413194444444
2009-05-15,83.3072916666667
2009-05-16,82.8159722222222
2009-05-17,85.2239583333333
2009-05-18,65.8159722222222
2009-05-19,58.9288194444444
2009-05-20,64.2013888888889
2009-05-21,70.2673611111111
2009-05-22,73.1180555555556
2009-05-23,76.2725694444444
2009-05-24,80.8003472222222
2009-05-25,82.9913194444444
2009-05-26,83.8315972222222
2009-05-27,82.2708333333333
2009-05-28,84.234375
2009-05-29,78.6163194444444
2009-05-30,68.3576388888889
2009-05-31,66.8142361111111
2009-06-01,67.7604166666667
2009-06-02,70.6666666666667
2009-06-03,72.5572916666667
2009-06-04,83.2048611111111
2009-06-05,84.9704861111111
2009-06-06,80.2309027777778
2009-06-07,78.5260416666667
2009-06-08,78.5798611111111
2009-06-09,77.0381944444444
2009-06-10,78.7864583333333
2009-06-11,82.1770833333333
2009-06-12,76.1423611111111
2009-06-13,74.9340277777778
2009-06-14,75.59375
2009-06-15,80.1041666666667
2009-06-16,85.7586805555556
2009-06-17,84.4513888888889
2009-06-18,80.9513888888889
2009-06-19,74.1510416666667
2009-06-20,70.5729166666667
2009-06-21,63.2395833333333
2009-06-22,65.7065972222222
2009-06-23,69.1336805555556
2009-06-24,68.2517361111111
2009-06-25,67.1371527777778
2009-06-26,72.6145833333333
2009-06-27,69.0555555555556
2009-06-28,65.7552083333333
2009-06-29,59.2083333333333
2009-06-30,58.796875
2009-07-01,60.1979166666667
2009-07-02,61.8263888888889
2009-07-03,59.5451388888889
2009-07-04,61.0677083333333
2009-07-05,78.4131944444444
2009-07-06,82.0347222222222
2009-07-07,69.3802083333333
2009-07-08,69.96875
2009-07-09,75.2986111111111
2009-07-10,71.4392361111111
2009-07-11,70.8385416666667
2009-07-12,67.1579861111111
2009-07-13,79.9670138888889
2009-07-14,67.4861111111111
2009-07-15,67.6597222222222
2009-07-16,75.6684027777778
2009-07-17,77.40625
2009-07-18,69.1180555555556
2009-07-19,67.2118055555556
2009-07-20,78.2465277777778
2009-07-21,77.3958333333333
2009-07-22,79.5260416666667
2009-07-23,80.8003472222222
2009-07-24,72.2465277777778
2009-07-25,71.9166666666667
2009-07-26,69.1284722222222
2009-07-27,76.6892361111111
2009-07-28,78.3506944444444
2009-07-29,81.5434027777778
2009-07-30,78.453125
2009-07-31,81.0243055555556
2009-08-01,82.3368055555556
2009-08-02,86.2309027777778
2009-08-03,78.1423611111111
2009-08-04,76.2482638888889
2009-08-05,78.8645833333333
2009-08-06,79.0555555555556
2009-08-07,71.984375
2009-08-08,73.0277777777778
2009-08-09,69.5572916666667
2009-08-10,68.1284722222222
2009-08-11,73.4756944444444
2009-08-12,86.7274305555556
2009-08-13,84.9635416666667
2009-08-14,83.8524305555556
2009-08-15,79.8229166666667
2009-08-16,79.8663194444444
2009-08-17,71.9010416666667
2009-08-18,70.0920138888889
2009-08-19,75.2899305555556
2009-08-20,79.9565972222222
2009-08-21,79.8020833333333
2009-08-22,81.7239583333333
2009-08-23,81.6128472222222
2009-08-24,78.8611111111111
2009-08-25,76.5572916666667
2009-08-26,74.2222222222222
2009-08-27,73.7552083333333
2009-08-28,82.4479166666667
2009-08-29,78.0086805555556
2009-08-30,75.7899305555556
2009-08-31,85.7881944444444
2009-09-01,73.8350694444444
2009-09-02,72.1927083333333
2009-09-03,74.7760416666667
2009-09-04,72.0815972222222
2009-09-05,70.3923611111111
2009-09-06,71.5607638888889
2009-09-07,81.8072916666667
2009-09-08,81.4201388888889
2009-09-09,78.7465277777778
2009-09-10,84.2204861111111
2009-09-11,77.4010416666667
2009-09-12,73.9444444444444
2009-09-13,73.0416666666667
2009-09-14,73.0607638888889
2009-09-15,75.0711805555556
2009-09-16,82.4201388888889
2009-09-17,86.9270833333333
2009-09-18,87.5972222222222
2009-09-19,84.359375
2009-09-20,80.2638888888889
2009-09-21,79.8454861111111
2009-09-22,86.2413194444444
2009-09-23,86.0711805555556
2009-09-24,82.1111111111111
2009-09-25,86.0277777777778
2009-09-26,89.3246527777778
2009-09-27,81.2430555555556
2009-09-28,70.2934027777778
2009-09-29,55.8003472222222
2009-09-30,67.171875
2009-10-01,70.9114583333333
2009-10-02,78.4670138888889
2009-10-03,70.1927083333333
2009-10-04,64.9409722222222
2009-10-05,84.8680555555556
2009-10-06,89.8836805555556
2009-10-07,68.9392361111111
2009-10-08,63.0833333333333
2009-10-09,78.390625
2009-10-10,80.0607638888889
2009-10-11,74.6041666666667
2009-10-12,87.8350694444444
2009-10-13,80.6875
2009-10-14,84.6892361111111
2009-10-15,93.0277777777778
2009-10-16,88.0607638888889
2009-10-17,79.3142361111111
2009-10-18,73.4288194444444
2009-10-19,66.5208333333333
2009-10-20,67.9427083333333
2009-10-21,67.8315972222222
2009-10-22,72.9982638888889
2009-10-23,81.1545138888889
2009-10-24,78.4930555555556
2009-10-25,71.6527777777778
2009-10-26,77.5659722222222
2009-10-27,91.6857638888889
2009-10-28,81.7291666666667
2009-10-29,78.8784722222222
2009-10-30,84.7777777777778
2009-10-31,87.8923611111111
2009-11-01,86.6267361111111
2009-11-02,81.0329861111111
2009-11-03,70.4756944444444
2009-11-04,67.1024305555556
2009-11-05,61.3888888888889
2009-11-06,57.1163194444444
2009-11-07,66.1128472222222
2009-11-08,66.7638888888889
2009-11-09,73.4444444444444
2009-11-10,88.5711805555556
2009-11-11,89.7586805555556
2009-11-12,85.6371527777778
2009-11-13,81.2326388888889
2009-11-14,80.2638888888889
2009-11-15,77.8819444444444
2009-11-16,75.9947916666667
2009-11-17,80.3159722222222
2009-11-18,89.2222222222222
2009-11-19,89.1354166666667
2009-11-20,76.0434027777778
2009-11-21,73.0208333333333
2009-11-22,82.0451388888889
2009-11-23,90.7291666666667
2009-11-24,88.6319444444444
2009-11-25,87.484375
2009-11-26,80.5729166666667
2009-11-27,56.6076388888889
2009-11-28,54.171875
2009-11-29,58.8003472222222
2009-11-30,68.6666666666667
2009-12-01,64.0347222222222
2009-12-02,85.1215277777778
2009-12-03,71.9913194444444
2009-12-04,74.7743055555556
2009-12-05,86.0295138888889
2009-12-06,73.5520833333333
2009-12-07,77.7274305555556
2009-12-08,81.0364583333333
2009-12-09,75.9131944444444
2009-12-10,37.6458333333333
2009-12-11,38.5364583333333
2009-12-12,52.6875
2009-12-13,89.2118055555556
2009-12-14,90.7361111111111
2009-12-15,81.8663194444444
2009-12-16,52.6475694444444
2009-12-17,54.0086805555556
2009-12-18,77.3697916666667
2009-12-19,86.9583333333333
2009-12-20,71.2413194444444
2009-12-21,70.734375
2009-12-22,73.0451388888889
2009-12-23,75.1440972222222
2009-12-24,69.7881944444444
2009-12-25,88.0329861111111
2009-12-26,82.9965277777778
2009-12-27,65.8472222222222
2009-12-28,54.4461805555556
2009-12-29,50.2135416666667
2009-12-30,57.4010416666667
2009-12-31,92.1145833333333
2010-01-01,78.3611111111111
2010-01-02,46.9704861111111
2010-01-03,42.4097222222222
2010-01-04,50.4375
2010-01-05,54.859375
2010-01-06,55.9201388888889
2010-01-07,54.8125
2010-01-08,54.0121527777778
2010-01-09,53.7847222222222
2010-01-10,51.265625
2010-01-11,48.90625
2010-01-12,56.0329861111111
2010-01-13,58.09375
2010-01-14,57.6857638888889
2010-01-15,56.1267361111111
2010-01-16,61.6440972222222
2010-01-17,88.9513888888889
2010-01-18,72.0538194444444
2010-01-19,69.4305555555556
2010-01-20,75.7743055555556
2010-01-21,89.3385416666667
2010-01-22,90.4392361111111
2010-01-23,79.4861111111111
2010-01-24,84.9913194444444
2010-01-25,67.4704861111111
2010-01-26,51.2586805555556
2010-01-27,60.1614583333333
2010-01-28,57.3645833333333
2010-01-29,54.0590277777778
2010-01-30,87.1805555555556
2010-01-31,69.4583333333333
2010-02-01,62.3524305555556
2010-02-02,85.34375
2010-02-03,78.2829861111111
2010-02-04,71.8784722222222
2010-02-05,85.9479166666667
2010-02-06,84.3993055555556
2010-02-07,66.7170138888889
2010-02-08,66.8055555555556
2010-02-09,82.2204861111111
2010-02-10,53.6822916666667
2010-02-11,52.6371527777778
2010-02-12,65.1944444444444
2010-02-13,71.6579861111111
2010-02-14,57.9670138888889
2010-02-15,69.6197916666667
2010-02-16,51.5364583333333
2010-02-17,54.6145833333333
2010-02-18,53.8159722222222
2010-02-19,51.9131944444444
2010-02-20,48.5295138888889
2010-02-21,53.1163194444444
2010-02-22,83.890625
2010-02-23,82.7760416666667
2010-02-24,81.6545138888889
2010-02-25,59.1354166666667
2010-02-26,42.875
2010-02-27,51.0868055555556
2010-02-28,56.1006944444444
2010-03-01,59.2239583333333
2010-03-02,80.7916666666667
2010-03-03,76.0086805555556
2010-03-04,55.9739583333333
2010-03-05,44.8350694444444
2010-03-06,44.5434027777778
2010-03-07,45.5364583333333
2010-03-08,47.0677083333333
2010-03-09,54.3159722222222
2010-03-10,63.5503472222222
2010-03-11,90.6805555555556
2010-03-12,90.8090277777778
2010-03-13,77.9739583333333
2010-03-14,68.5126811594203
2010-03-15,67.2638888888889
2010-03-16,67.1545138888889
2010-03-17,60.9600694444444
2010-03-18,55.703125
2010-03-19,45.7256944444444
2010-03-20,50.15625
2010-03-21,71.8784722222222
2010-03-22,72.1996527777778
2010-03-23,60.9809027777778
2010-03-24,52.4079861111111
2010-03-25,61.5190972222222
2010-03-26,74.6267361111111
2010-03-27,60.2204861111111
2010-03-28,76.9739583333333
2010-03-29,81.1354166666667
2010-03-30,57.3125
2010-03-31,40.8871527777778
2010-04-01,48.2447916666667
2010-04-02,55.0295138888889
2010-04-03,65.5329861111111
2010-04-04,66.1232638888889
2010-04-05,63.0503472222222
2010-04-06,54.7934027777778
2010-04-07,56.3194444444444
2010-04-08,70.3107638888889
2010-04-09,58.46875
2010-04-10,46.8888888888889
2010-04-11,56.2430555555556
2010-04-12,58.5625
2010-04-13,61.8680555555556
2010-04-14,72.4201388888889
2010-04-15,65.3177083333333
2010-04-16,55.3142361111111
2010-04-17,49.9479166666667
2010-04-18,44.3854166666667
2010-04-19,58.0989583333333
2010-04-20,65.3385416666667
2010-04-21,77.5815972222222
2010-04-22,61.3038194444444
2010-04-23,63.7048611111111
2010-04-24,78.6961805555556
2010-04-25,76.5086805555556
2010-04-26,64.3767361111111
2010-04-27,63.7534722222222
2010-04-28,49.640625
2010-04-29,55.6076388888889
2010-04-30,59.5173611111111
2010-05-01,75.7604166666667
2010-05-02,73.7725694444444
2010-05-03,80.4461805555556
2010-05-04,75.0815972222222
2010-05-05,69.9479166666667
2010-05-06,67.5069444444444
2010-05-07,60.3385416666667
2010-05-08,51.2795138888889
2010-05-09,37.8732638888889
2010-05-10,53.6215277777778
2010-05-11,72.1180555555556
2010-05-12,75.2222222222222
2010-05-13,77.8975694444444
2010-05-14,73.2621527777778
2010-05-15,71.1649305555556
2010-05-16,78.6927083333333
2010-05-17,88.7951388888889
2010-05-18,85.28125
2010-05-19,80.4756944444444
2010-05-20,70.2934027777778
2010-05-21,74.890625
2010-05-22,79.6510416666667
2010-05-23,79.2829861111111
2010-05-24,84.84375
2010-05-25,79.6215277777778
2010-05-26,72.8125
2010-05-27,68.7430555555556
2010-05-28,75.8142361111111
2010-05-29,77.6875
2010-05-30,76.203125
2010-05-31,81.5590277777778
2010-06-01,82.8975694444444
2010-06-02,85.7135416666667
2010-06-03,81.3159722222222
2010-06-04,79.1111111111111
2010-06-05,75.0763888888889
2010-06-06,71.3229166666667
2010-06-07,62.4774305555556
2010-06-08,65.8090277777778
2010-06-09,72.1215277777778
2010-06-10,71.7274305555556
2010-06-11,70.6875
2010-06-12,74.8819444444444
2010-06-13,77.6371527777778
2010-06-14,73.5399305555556
2010-06-15,74.9878472222222
2010-06-16,80.9739583333333
2010-06-17,70.1215277777778
2010-06-18,70.1510416666667
2010-06-19,75.6579861111111
2010-06-20,71.2239583333333
2010-06-21,68.3125
2010-06-22,70.2239583333333
2010-06-23,69.1840277777778
2010-06-24,67.3055555555556
2010-06-25,71.9097222222222
2010-06-26,72.1284722222222
2010-06-27,72.1197916666667
2010-06-28,68.5746527777778
2010-06-29,71.9600694444444
2010-06-30,80.8263888888889
2010-07-01,70.2430555555556
2010-07-02,56.8055555555556
2010-07-03,60.2274305555556
2010-07-04,60.1388888888889
2010-07-05,59.5017361111111
2010-07-06,60.0225694444444
2010-07-07,55.7690972222222
2010-07-08,62.6006944444444
2010-07-09,72.3194444444444
2010-07-10,73.5850694444444
2010-07-11,66.1267361111111
2010-07-12,83.2204861111111
2010-07-13,82.5121527777778
2010-07-14,76.0104166666667
2010-07-15,73.9774305555556
2010-07-16,76.0034722222222
2010-07-17,81.515625
2010-07-18,80.4635416666667
2010-07-19,76.2638888888889
2010-07-20,74.25
2010-07-21,72.71875
2010-07-22,70.6284722222222
2010-07-23,73.5972222222222
2010-07-24,71.7829861111111
2010-07-25,69.4357638888889
2010-07-26,71.59375
2010-07-27,81.3385416666667
2010-07-28,78.5625
2010-07-29,77.2239583333333
2010-07-30,69.7777777777778
2010-07-31,74.7934027777778
2010-08-01,86.4635416666667
2010-08-02,82.6493055555556
2010-08-03,78.2482638888889
2010-08-04,78.0173611111111
2010-08-05,79.2135416666667
2010-08-06,80.0989583333333
2010-08-07,75.6666666666667
2010-08-08,76.8177083333333
2010-08-09,75.8125
2010-08-10,75.6666666666667
2010-08-11,73.8732638888889
2010-08-12,74.8923611111111
2010-08-13,76.9670138888889
2010-08-14,77.5711805555556
2010-08-15,78.1614583333333
2010-08-16,77.3194444444444
2010-08-17,78.0798611111111
2010-08-18,80.9600694444444
2010-08-19,88.3680555555556
2010-08-20,79.390625
2010-08-21,79.9010416666667
2010-08-22,80.4079861111111
2010-08-23,75.4236111111111
2010-08-24,82.2361111111111
2010-08-25,80.3854166666667
2010-08-26,75.5746527777778
2010-08-27,77.4375
2010-08-28,75.7048611111111
2010-08-29,73.1545138888889
2010-08-30,69.4184027777778
2010-08-31,66.1979166666667
2010-09-01,65.1979166666667
2010-09-02,71.7552083333333
2010-09-03,63.6614583333333
2010-09-04,52.9548611111111
2010-09-05,60.2274305555556
2010-09-06,65.65625
2010-09-07,69.28125
2010-09-08,75.5451388888889
2010-09-09,59.15625
2010-09-10,56.6631944444444
2010-09-11,74.0902777777778
2010-09-12,75.4565972222222
2010-09-13,63.9149305555556
2010-09-14,56.1979166666667
2010-09-15,56.9826388888889
2010-09-16,62.3784722222222
2010-09-17,65.7638888888889
2010-09-18,68.1579861111111
2010-09-19,67.2847222222222
2010-09-20,61.2604166666667
2010-09-21,63.5190972222222
2010-09-22,69.3663194444444
2010-09-23,67.2100694444444
2010-09-24,63.8489583333333
2010-09-25,67.2291666666667
2010-09-26,84.8125
2010-09-27,93.6753472222222
2010-09-28,80.4583333333333
2010-09-29,91.9427083333333
2010-09-30,83.2708333333333
2010-10-01,68.5798611111111
2010-10-02,67.3385416666667
2010-10-03,79.1006944444444
2010-10-04,73.3454861111111
2010-10-05,67.7239583333333
2010-10-06,61.9045138888889
2010-10-07,56.6440972222222
2010-10-08,60.9322916666667
2010-10-09,63.984375
2010-10-10,65.28125
2010-10-11,65.3819444444444
2010-10-12,65.4045138888889
2010-10-13,72.8229166666667
2010-10-14,75.9427083333333
2010-10-15,56.5381944444444
2010-10-16,57.0729166666667
2010-10-17,59.3541666666667
2010-10-18,64.3177083333333
2010-10-19,67.6770833333333
2010-10-20,83.7621527777778
2010-10-21,62.9010416666667
2010-10-22,53.8628472222222
2010-10-23,64.0486111111111
2010-10-24,70.8142361111111
2010-10-25,87.6649305555556
2010-10-26,85.875
2010-10-27,82.5954861111111
2010-10-28,78.0555555555556
2010-10-29,54.1354166666667
2010-10-30,65.234375
2010-10-31,63.3263888888889
2010-11-01,64.7708333333333
2010-11-02,64.2152777777778
2010-11-03,80.734375
2010-11-04,90.1614583333333
2010-11-05,72.5052083333333
2010-11-06,69.3472222222222
2010-11-07,61.9053819444444
2010-11-08,52.6076388888889
2010-11-09,54.375
2010-11-10,64.8125
2010-11-11,67.8993055555556
2010-11-12,62.4288194444444
2010-11-13,59.609375
2010-11-14,67.3420138888889
2010-11-15,73.5954861111111
2010-11-16,84.1059027777778
2010-11-17,61.6631944444444
2010-11-18,68.2430555555556
2010-11-19,71.1840277777778
2010-11-20,72.1215277777778
2010-11-21,76.4427083333333
2010-11-22,77.8090277777778
2010-11-23,80.4392361111111
2010-11-24,59.1163194444444
2010-11-25,81.0503472222222
2010-11-26,78.0190972222222
2010-11-27,51.6805555555556
2010-11-28,64.171875
2010-11-29,73.890625
2010-11-30,85.3038194444444
2010-12-01,67.5260416666667
2010-12-02,60.34375
2010-12-03,65.4982638888889
2010-12-04,76.3680555555556
2010-12-05,64.9253472222222
2010-12-06,50.9739583333333
2010-12-07,48.3003472222222
2010-12-08,51.1006944444444
2010-12-09,52.5486111111111
2010-12-10,60.4565972222222
2010-12-11,75.40625
2010-12-12,86.0451388888889
2010-12-13,53.4670138888889
2010-12-14,40.2916666666667
2010-12-15,44.8541666666667
2010-12-16,78.9600694444444
2010-12-17,79.6944444444444
2010-12-18,85.9913194444444
2010-12-19,73.2430555555556
2010-12-20,61.125
2010-12-21,63.1267361111111
2010-12-22,69.1041666666667
2010-12-23,53.2135416666667
2010-12-24,56.3576388888889
2010-12-25,72.1701388888889
2010-12-26,84.2986111111111
2010-12-27,59.2708333333333
2010-12-28,51.6232638888889
2010-12-29,60.8541666666667
2010-12-30,71.9461805555556
2010-12-31,73.1545138888889
