date,load,,,
1/1/2011,4675.68 ,,,
1/1/2011,4891.91 ,,,
1/1/2011,5291.04 ,,,
1/1/2011,5743.97 ,,,
1/1/2011,6184.63 ,,,
1/1/2011,6588.34 ,,,
1/1/2011,6828.71 ,,,
1/1/2011,6803.66 ,,,
1/1/2011,6378.54 ,,,
1/1/2011,5551.69 ,,,
1/1/2011,4794.58 ,,,
1/1/2011,4302.45 ,,,
1/1/2011,3917.52 ,,,
1/1/2011,3619.92 ,,,
1/1/2011,3511.04 ,,,
1/1/2011,3665.68 ,,,
1/1/2011,4171.22 ,,,
1/1/2011,4823.80 ,,,
1/1/2011,5108.16 ,,,
1/1/2011,5122.58 ,,,
1/1/2011,5148.44 ,,,
1/1/2011,5151.16 ,,,
1/1/2011,5049.83 ,,,
1/1/2011,4893.09 ,,,
1/2/2011,4827.56 ,,,
1/2/2011,5022.52 ,,,
1/2/2011,5492.43 ,,,
1/2/2011,6082.54 ,,,
1/2/2011,6583.12 ,,,
1/2/2011,6883.95 ,,,
1/2/2011,6945.77 ,,,
1/2/2011,6766.33 ,,,
1/2/2011,6272.82 ,,,
1/2/2011,5522.19 ,,,
1/2/2011,4824.36 ,,,
1/2/2011,4373.25 ,,,
1/2/2011,4100.72 ,,,
1/2/2011,3924.12 ,,,
1/2/2011,3937.78 ,,,
1/2/2011,4234.45 ,,,
1/2/2011,4768.13 ,,,
1/2/2011,5301.91 ,,,
1/2/2011,5526.70 ,,,
1/2/2011,5509.64 ,,,
1/2/2011,5477.29 ,,,
1/2/2011,5455.88 ,,,
1/2/2011,5373.49 ,,,
1/2/2011,5252.90 ,,,
1/3/2011,5230.06 ,,,
1/3/2011,5478.10 ,,,
1/3/2011,6006.16 ,,,
1/3/2011,6580.26 ,,,
1/3/2011,6894.82 ,,,
1/3/2011,6951.16 ,,,
1/3/2011,6839.47 ,,,
1/3/2011,6572.30 ,,,
1/3/2011,6072.90 ,,,
1/3/2011,5381.67 ,,,
1/3/2011,4766.10 ,,,
1/3/2011,4400.69 ,,,
1/3/2011,4248.75 ,,,
1/3/2011,4234.66 ,,,
1/3/2011,4413.08 ,,,
1/3/2011,4815.64 ,,,
1/3/2011,5360.09 ,,,
1/3/2011,5786.38 ,,,
1/3/2011,5907.08 ,,,
1/3/2011,5819.11 ,,,
1/3/2011,5734.10 ,,,
1/3/2011,5694.36 ,,,
1/3/2011,5633.86 ,,,
1/3/2011,5575.10 ,,,
1/4/2011,5655.49 ,,,
1/4/2011,6025.35 ,,,
1/4/2011,6582.95 ,,,
1/4/2011,6939.92 ,,,
1/4/2011,6971.41 ,,,
1/4/2011,6832.12 ,,,
1/4/2011,6640.74 ,,,
1/4/2011,6356.55 ,,,
1/4/2011,5864.18 ,,,
1/4/2011,5237.85 ,,,
1/4/2011,4738.45 ,,,
1/4/2011,4507.82 ,,,
1/4/2011,4511.24 ,,,
1/4/2011,4660.80 ,,,
1/4/2011,4941.33 ,,,
1/4/2011,5374.26 ,,,
1/4/2011,5867.09 ,,,
1/4/2011,6193.50 ,,,
1/4/2011,6220.22 ,,,
1/4/2011,6092.10 ,,,
1/4/2011,6008.32 ,,,
1/4/2011,5994.03 ,,,
1/4/2011,5987.76 ,,,
1/4/2011,6015.73 ,,,
1/5/2011,6219.70 ,,,
1/5/2011,6638.91 ,,,
1/5/2011,6973.33 ,,,
1/5/2011,7013.79 ,,,
1/5/2011,6855.72 ,,,
1/5/2011,6657.98 ,,,
1/5/2011,6449.81 ,,,
1/5/2011,6135.75 ,,,
1/5/2011,5645.71 ,,,
1/5/2011,5118.22 ,,,
1/5/2011,4783.14 ,,,
1/5/2011,4743.86 ,,,
1/5/2011,4921.24 ,,,
1/5/2011,5183.79 ,,,
1/5/2011,5517.71 ,,,
1/5/2011,5942.22 ,,,
1/5/2011,6350.25 ,,,
1/5/2011,6529.67 ,,,
1/5/2011,6486.97 ,,,
1/5/2011,6369.56 ,,,
1/5/2011,6314.93 ,,,
1/5/2011,6337.43 ,,,
1/5/2011,6388.62 ,,,
1/5/2011,6490.47 ,,,
1/6/2011,6718.43 ,,,
1/6/2011,6953.17 ,,,
1/6/2011,7013.98 ,,,
1/6/2011,6906.06 ,,,
1/6/2011,6720.87 ,,,
1/6/2011,6540.02 ,,,
1/6/2011,6347.85 ,,,
1/6/2011,6050.45 ,,,
1/6/2011,5633.54 ,,,
1/6/2011,5262.64 ,,,
1/6/2011,5127.99 ,,,
1/6/2011,5262.27 ,,,
1/6/2011,5543.56 ,,,
1/6/2011,5873.99 ,,,
1/6/2011,6212.17 ,,,
1/6/2011,6536.83 ,,,
1/6/2011,6718.40 ,,,
1/6/2011,6707.15 ,,,
1/6/2011,6584.87 ,,,
1/6/2011,6469.21 ,,,
1/6/2011,6446.27 ,,,
1/6/2011,6502.93 ,,,
1/6/2011,6594.97 ,,,
1/6/2011,6730.32 ,,,
1/7/2011,6897.63 ,,,
1/7/2011,6990.09 ,,,
1/7/2011,6954.55 ,,,
1/7/2011,6824.66 ,,,
1/7/2011,6663.32 ,,,
1/7/2011,6506.46 ,,,
1/7/2011,6335.45 ,,,
1/7/2011,6100.65 ,,,
1/7/2011,5823.83 ,,,
1/7/2011,5647.25 ,,,
1/7/2011,5699.50 ,,,
1/7/2011,5959.71 ,,,
1/7/2011,6278.25 ,,,
1/7/2011,6519.98 ,,,
1/7/2011,6673.65 ,,,
1/7/2011,6745.42 ,,,
1/7/2011,6719.39 ,,,
1/7/2011,6615.63 ,,,
1/7/2011,6484.46 ,,,
1/7/2011,6412.34 ,,,
1/7/2011,6446.65 ,,,
1/7/2011,6559.82 ,,,
1/7/2011,6698.97 ,,,
1/7/2011,6839.47 ,,,
1/8/2011,6941.67 ,,,
1/8/2011,6959.74 ,,,
1/8/2011,6892.29 ,,,
1/8/2011,6771.27 ,,,
1/8/2011,6635.07 ,,,
1/8/2011,6500.66 ,,,
1/8/2011,6374.67 ,,,
1/8/2011,6246.27 ,,,
1/8/2011,6152.26 ,,,
1/8/2011,6178.08 ,,,
1/8/2011,6356.44 ,,,
1/8/2011,6594.12 ,,,
1/8/2011,6732.14 ,,,
1/8/2011,6741.53 ,,,
1/8/2011,6686.94 ,,,
1/8/2011,6611.62 ,,,
1/8/2011,6507.53 ,,,
1/8/2011,6386.47 ,,,
1/8/2011,6294.29 ,,,
1/8/2011,6296.81 ,,,
1/8/2011,6428.66 ,,,
1/8/2011,6638.40 ,,,
1/8/2011,6813.15 ,,,
1/8/2011,6905.42 ,,,
1/9/2011,6929.80 ,,,
1/9/2011,6900.43 ,,,
1/9/2011,6825.88 ,,,
1/9/2011,6725.38 ,,,
1/9/2011,6628.64 ,,,
1/9/2011,6566.56 ,,,
1/9/2011,6537.84 ,,,
1/9/2011,6527.84 ,,,
1/9/2011,6545.95 ,,,
1/9/2011,6622.42 ,,,
1/9/2011,6742.95 ,,,
1/9/2011,6802.62 ,,,
1/9/2011,6750.47 ,,,
1/9/2011,6627.14 ,,,
1/9/2011,6502.51 ,,,
1/9/2011,6403.80 ,,,
1/9/2011,6319.14 ,,,
1/9/2011,6252.86 ,,,
1/9/2011,6242.52 ,,,
1/9/2011,6340.03 ,,,
1/9/2011,6543.54 ,,,
1/9/2011,6757.39 ,,,
1/9/2011,6871.70 ,,,
1/9/2011,6895.34 ,,,
1/10/2011,6883.59 ,,,
1/10/2011,6850.25 ,,,
1/10/2011,6791.81 ,,,
1/10/2011,6727.28 ,,,
1/10/2011,6679.47 ,,,
1/10/2011,6668.95 ,,,
1/10/2011,6682.35 ,,,
1/10/2011,6698.61 ,,,
1/10/2011,6719.51 ,,,
1/10/2011,6760.77 ,,,
1/10/2011,6784.96 ,,,
1/10/2011,6737.87 ,,,
1/10/2011,6614.77 ,,,
1/10/2011,6469.85 ,,,
1/10/2011,6365.61 ,,,
1/10/2011,6315.70 ,,,
1/10/2011,6297.47 ,,,
1/10/2011,6304.96 ,,,
1/10/2011,6368.88 ,,,
1/10/2011,6512.08 ,,,
1/10/2011,6700.60 ,,,
1/10/2011,6838.31 ,,,
1/10/2011,6874.08 ,,,
1/10/2011,6858.18 ,,,
1/11/2011,6844.35 ,,,
1/11/2011,6826.91 ,,,
1/11/2011,6795.51 ,,,
1/11/2011,6766.02 ,,,
1/11/2011,6760.70 ,,,
1/11/2011,6774.75 ,,,
1/11/2011,6785.70 ,,,
1/11/2011,6780.48 ,,,
1/11/2011,6771.01 ,,,
1/11/2011,6756.14 ,,,
1/11/2011,6714.57 ,,,
1/11/2011,6621.18 ,,,
1/11/2011,6494.74 ,,,
1/11/2011,6389.89 ,,,
1/11/2011,6348.56 ,,,
1/11/2011,6360.49 ,,,
1/11/2011,6390.96 ,,,
1/11/2011,6434.95 ,,,
1/11/2011,6512.70 ,,,
1/11/2011,6627.63 ,,,
1/11/2011,6743.34 ,,,
1/11/2011,6801.65 ,,,
1/11/2011,6804.23 ,,,
1/11/2011,6797.56 ,,,
1/12/2011,6804.81 ,,,
1/12/2011,6812.21 ,,,
1/12/2011,6807.53 ,,,
1/12/2011,6802.14 ,,,
1/12/2011,6810.81 ,,,
1/12/2011,6817.36 ,,,
1/12/2011,6800.68 ,,,
1/12/2011,6758.39 ,,,
1/12/2011,6709.06 ,,,
1/12/2011,6665.91 ,,,
1/12/2011,6610.13 ,,,
1/12/2011,6528.70 ,,,
1/12/2011,6446.57 ,,,
1/12/2011,6406.80 ,,,
1/12/2011,6421.49 ,,,
1/12/2011,6462.51 ,,,
1/12/2011,6493.88 ,,,
1/12/2011,6517.50 ,,,
1/12/2011,6561.05 ,,,
1/12/2011,6635.29 ,,,
1/12/2011,6710.50 ,,,
1/12/2011,6753.87 ,,,
1/12/2011,6773.46 ,,,
1/12/2011,6797.21 ,,,
1/13/2011,6827.26 ,,,
1/13/2011,6845.31 ,,,
1/13/2011,6848.46 ,,,
1/13/2011,6849.88 ,,,
1/13/2011,6851.56 ,,,
1/13/2011,6839.95 ,,,
1/13/2011,6807.69 ,,,
1/13/2011,6762.49 ,,,
1/13/2011,6716.34 ,,,
1/13/2011,6670.90 ,,,
1/13/2011,6614.17 ,,,
1/13/2011,6547.03 ,,,
1/13/2011,6490.04 ,,,
1/13/2011,6471.37 ,,,
1/13/2011,6487.32 ,,,
1/13/2011,6505.73 ,,,
1/13/2011,6504.83 ,,,
1/13/2011,6500.75 ,,,
1/13/2011,6525.03 ,,,
1/13/2011,6585.04 ,,,
1/13/2011,6653.89 ,,,
1/13/2011,6712.96 ,,,
1/13/2011,6763.67 ,,,
1/13/2011,6813.39 ,,,
1/14/2011,6852.45 ,,,
1/14/2011,6868.82 ,,,
1/14/2011,6866.73 ,,,
1/14/2011,6858.42 ,,,
1/14/2011,6847.50 ,,,
1/14/2011,6828.10 ,,,
1/14/2011,6795.33 ,,,
1/14/2011,6759.84 ,,,
1/14/2011,6726.32 ,,,
1/14/2011,6685.70 ,,,
1/14/2011,6628.78 ,,,
1/14/2011,6564.96 ,,,
1/14/2011,6514.47 ,,,
1/14/2011,6492.20 ,,,
1/14/2011,6487.28 ,,,
1/14/2011,6475.62 ,,,
1/14/2011,6453.05 ,,,
1/14/2011,6442.92 ,,,
1/14/2011,6467.34 ,,,
1/14/2011,6525.98 ,,,
1/14/2011,6601.38 ,,,
1/14/2011,6681.05 ,,,
1/14/2011,6759.29 ,,,
1/14/2011,6824.84 ,,,
1/15/2011,6864.79 ,,,
1/15/2011,6877.53 ,,,
1/15/2011,6873.18 ,,,
1/15/2011,6863.23 ,,,
1/15/2011,6845.62 ,,,
1/15/2011,6817.76 ,,,
1/15/2011,6782.18 ,,,
1/15/2011,6749.33 ,,,
1/15/2011,6722.87 ,,,
1/15/2011,6689.67 ,,,
1/15/2011,6638.62 ,,,
1/15/2011,6579.44 ,,,
1/15/2011,6529.58 ,,,
1/15/2011,6497.27 ,,,
1/15/2011,6472.27 ,,,
1/15/2011,6441.53 ,,,
1/15/2011,6411.36 ,,,
1/15/2011,6403.50 ,,,
1/15/2011,6431.00 ,,,
1/15/2011,6490.28 ,,,
1/15/2011,6572.15 ,,,
1/15/2011,6669.80 ,,,
1/15/2011,6766.10 ,,,
1/15/2011,6835.58 ,,,
1/16/2011,6869.07 ,,,
1/16/2011,6874.50 ,,,
1/16/2011,6867.88 ,,,
1/16/2011,6854.03 ,,,
1/16/2011,6830.25 ,,,
1/16/2011,6795.14 ,,,
1/16/2011,6755.42 ,,,
1/16/2011,6721.61 ,,,
1/16/2011,6695.85 ,,,
1/16/2011,6668.87 ,,,
1/16/2011,6632.30 ,,,
1/16/2011,6585.75 ,,,
1/16/2011,6542.65 ,,,
1/16/2011,6507.74 ,,,
1/16/2011,6474.05 ,,,
1/16/2011,6437.61 ,,,
1/16/2011,6408.67 ,,,
1/16/2011,6403.89 ,,,
1/16/2011,6431.04 ,,,
1/16/2011,6486.92 ,,,
1/16/2011,6569.45 ,,,
1/16/2011,6675.00 ,,,
1/16/2011,6775.15 ,,,
1/16/2011,6838.49 ,,,
1/17/2011,6861.41 ,,,
1/17/2011,6862.16 ,,,
1/17/2011,6853.78 ,,,
1/17/2011,6835.67 ,,,
1/17/2011,6803.96 ,,,
1/17/2011,6759.17 ,,,
1/17/2011,6710.58 ,,,
1/17/2011,6675.03 ,,,
1/17/2011,6656.00 ,,,
1/17/2011,6643.38 ,,,
1/17/2011,6624.20 ,,,
1/17/2011,6593.88 ,,,
1/17/2011,6560.37 ,,,
1/17/2011,6527.22 ,,,
1/17/2011,6489.91 ,,,
1/17/2011,6450.43 ,,,
1/17/2011,6421.54 ,,,
1/17/2011,6416.41 ,,,
1/17/2011,6439.73 ,,,
1/17/2011,6490.24 ,,,
1/17/2011,6566.65 ,,,
1/17/2011,6667.48 ,,,
1/17/2011,6761.46 ,,,
1/17/2011,6817.51 ,,,
1/18/2011,6835.54 ,,,
1/18/2011,6833.75 ,,,
1/18/2011,6824.69 ,,,
1/18/2011,6803.57 ,,,
1/18/2011,6765.24 ,,,
1/18/2011,6716.30 ,,,
1/18/2011,6673.54 ,,,
1/18/2011,6653.29 ,,,
1/18/2011,6652.23 ,,,
1/18/2011,6652.45 ,,,
1/18/2011,6637.17 ,,,
1/18/2011,6604.26 ,,,
1/18/2011,6564.90 ,,,
1/18/2011,6523.69 ,,,
1/18/2011,6479.20 ,,,
1/18/2011,6437.63 ,,,
1/18/2011,6412.28 ,,,
1/18/2011,6413.87 ,,,
1/18/2011,6446.68 ,,,
1/18/2011,6506.90 ,,,
1/18/2011,6594.13 ,,,
1/18/2011,6700.97 ,,,
1/18/2011,6788.12 ,,,
1/18/2011,6830.15 ,,,
1/19/2011,6837.20 ,,,
1/19/2011,6832.43 ,,,
1/19/2011,6823.96 ,,,
1/19/2011,6806.74 ,,,
1/19/2011,6776.20 ,,,
1/19/2011,6739.23 ,,,
1/19/2011,6712.56 ,,,
1/19/2011,6699.14 ,,,
1/19/2011,6690.98 ,,,
1/19/2011,6674.19 ,,,
1/19/2011,6635.37 ,,,
1/19/2011,6583.76 ,,,
1/19/2011,6533.44 ,,,
1/19/2011,6487.49 ,,,
1/19/2011,6445.38 ,,,
1/19/2011,6413.26 ,,,
1/19/2011,6401.03 ,,,
1/19/2011,6416.06 ,,,
1/19/2011,6456.41 ,,,
1/19/2011,6516.99 ,,,
1/19/2011,6597.89 ,,,
1/19/2011,6692.11 ,,,
1/19/2011,6766.42 ,,,
1/19/2011,6801.78 ,,,
1/20/2011,6811.48 ,,,
1/20/2011,6815.37 ,,,
1/20/2011,6815.53 ,,,
1/20/2011,6802.52 ,,,
1/20/2011,6772.77 ,,,
1/20/2011,6736.29 ,,,
1/20/2011,6708.49 ,,,
1/20/2011,6689.89 ,,,
1/20/2011,6672.62 ,,,
1/20/2011,6646.47 ,,,
1/20/2011,6604.04 ,,,
1/20/2011,6556.22 ,,,
1/20/2011,6513.03 ,,,
1/20/2011,6473.77 ,,,
1/20/2011,6437.86 ,,,
1/20/2011,6412.34 ,,,
1/20/2011,6405.06 ,,,
1/20/2011,6420.91 ,,,
1/20/2011,6457.80 ,,,
1/20/2011,6516.83 ,,,
1/20/2011,6602.91 ,,,
1/20/2011,6702.91 ,,,
1/20/2011,6778.56 ,,,
1/20/2011,6814.66 ,,,
1/21/2011,6828.44 ,,,
1/21/2011,6837.60 ,,,
1/21/2011,6840.15 ,,,
1/21/2011,6828.52 ,,,
1/21/2011,6803.52 ,,,
1/21/2011,6776.28 ,,,
1/21/2011,6756.98 ,,,
1/21/2011,6738.18 ,,,
1/21/2011,6711.87 ,,,
1/21/2011,6676.31 ,,,
1/21/2011,6629.57 ,,,
1/21/2011,6580.81 ,,,
1/21/2011,6535.47 ,,,
1/21/2011,6492.11 ,,,
1/21/2011,6452.85 ,,,
1/21/2011,6425.74 ,,,
1/21/2011,6415.98 ,,,
1/21/2011,6425.51 ,,,
1/21/2011,6457.24 ,,,
1/21/2011,6518.23 ,,,
1/21/2011,6611.30 ,,,
1/21/2011,6712.22 ,,,
1/21/2011,6785.89 ,,,
1/21/2011,6822.16 ,,,
1/22/2011,6837.80 ,,,
1/22/2011,6846.72 ,,,
1/22/2011,6846.56 ,,,
1/22/2011,6831.80 ,,,
1/22/2011,6804.76 ,,,
1/22/2011,6775.59 ,,,
1/22/2011,6753.21 ,,,
1/22/2011,6728.62 ,,,
1/22/2011,6697.87 ,,,
1/22/2011,6660.76 ,,,
1/22/2011,6620.46 ,,,
1/22/2011,6582.04 ,,,
1/22/2011,6544.78 ,,,
1/22/2011,6505.80 ,,,
1/22/2011,6469.49 ,,,
1/22/2011,6444.28 ,,,
1/22/2011,6433.15 ,,,
1/22/2011,6436.75 ,,,
1/22/2011,6462.22 ,,,
1/22/2011,6522.61 ,,,
1/22/2011,6616.07 ,,,
1/22/2011,6716.89 ,,,
1/22/2011,6792.54 ,,,
1/22/2011,6833.64 ,,,
1/23/2011,6854.26 ,,,
1/23/2011,6864.52 ,,,
1/23/2011,6863.95 ,,,
1/23/2011,6849.70 ,,,
1/23/2011,6827.08 ,,,
1/23/2011,6805.83 ,,,
1/23/2011,6790.13 ,,,
1/23/2011,6769.64 ,,,
1/23/2011,6740.81 ,,,
1/23/2011,6706.62 ,,,
1/23/2011,6667.47 ,,,
1/23/2011,6627.43 ,,,
1/23/2011,6587.24 ,,,
1/23/2011,6546.48 ,,,
1/23/2011,6510.35 ,,,
1/23/2011,6484.87 ,,,
1/23/2011,6470.68 ,,,
1/23/2011,6467.76 ,,,
1/23/2011,6486.34 ,,,
1/23/2011,6540.76 ,,,
1/23/2011,6628.74 ,,,
1/23/2011,6725.63 ,,,
1/23/2011,6799.66 ,,,
1/23/2011,6841.84 ,,,
1/24/2011,6863.46 ,,,
1/24/2011,6873.95 ,,,
1/24/2011,6869.26 ,,,
1/24/2011,6847.45 ,,,
1/24/2011,6816.60 ,,,
1/24/2011,6785.19 ,,,
1/24/2011,6753.54 ,,,
1/24/2011,6723.52 ,,,
1/24/2011,6697.63 ,,,
1/24/2011,6676.58 ,,,
1/24/2011,6653.36 ,,,
1/24/2011,6625.07 ,,,
1/24/2011,6592.32 ,,,
1/24/2011,6557.85 ,,,
1/24/2011,6527.50 ,,,
1/24/2011,6504.11 ,,,
1/24/2011,6485.72 ,,,
1/24/2011,6475.56 ,,,
1/24/2011,6486.21 ,,,
1/24/2011,6529.16 ,,,
1/24/2011,6601.51 ,,,
1/24/2011,6686.72 ,,,
1/24/2011,6758.84 ,,,
1/24/2011,6805.74 ,,,
1/25/2011,6833.02 ,,,
1/25/2011,6844.97 ,,,
1/25/2011,6836.82 ,,,
1/25/2011,6808.02 ,,,
1/25/2011,6765.70 ,,,
1/25/2011,6721.31 ,,,
1/25/2011,6683.72 ,,,
1/25/2011,6656.80 ,,,
1/25/2011,6642.25 ,,,
1/25/2011,6635.05 ,,,
1/25/2011,6627.09 ,,,
1/25/2011,6613.44 ,,,
1/25/2011,6591.07 ,,,
1/25/2011,6561.61 ,,,
1/25/2011,6529.95 ,,,
1/25/2011,6498.11 ,,,
1/25/2011,6468.27 ,,,
1/25/2011,6450.62 ,,,
1/25/2011,6460.95 ,,,
1/25/2011,6509.59 ,,,
1/25/2011,6589.50 ,,,
1/25/2011,6680.85 ,,,
1/25/2011,6757.12 ,,,
1/25/2011,6803.32 ,,,
1/26/2011,6824.28 ,,,
1/26/2011,6827.50 ,,,
1/26/2011,6815.67 ,,,
1/26/2011,6790.22 ,,,
1/26/2011,6755.51 ,,,
1/26/2011,6722.02 ,,,
1/26/2011,6697.34 ,,,
1/26/2011,6682.49 ,,,
1/26/2011,6672.66 ,,,
1/26/2011,6662.20 ,,,
1/26/2011,6644.16 ,,,
1/26/2011,6615.67 ,,,
1/26/2011,6578.09 ,,,
1/26/2011,6535.22 ,,,
1/26/2011,6492.81 ,,,
1/26/2011,6455.79 ,,,
1/26/2011,6428.96 ,,,
1/26/2011,6421.65 ,,,
1/26/2011,6447.52 ,,,
1/26/2011,6510.68 ,,,
1/26/2011,6602.29 ,,,
1/26/2011,6701.93 ,,,
1/26/2011,6775.71 ,,,
1/26/2011,6812.92 ,,,
1/27/2011,6826.06 ,,,
1/27/2011,6828.23 ,,,
1/27/2011,6821.01 ,,,
1/27/2011,6804.11 ,,,
1/27/2011,6780.89 ,,,
1/27/2011,6758.89 ,,,
1/27/2011,6744.90 ,,,
1/27/2011,6735.76 ,,,
1/27/2011,6719.27 ,,,
1/27/2011,6691.87 ,,,
1/27/2011,6652.91 ,,,
1/27/2011,6604.06 ,,,
1/27/2011,6550.50 ,,,
1/27/2011,6497.99 ,,,
1/27/2011,6453.15 ,,,
1/27/2011,6420.86 ,,,
1/27/2011,6403.67 ,,,
1/27/2011,6407.24 ,,,
1/27/2011,6442.68 ,,,
1/27/2011,6513.84 ,,,
1/27/2011,6613.95 ,,,
1/27/2011,6717.17 ,,,
1/27/2011,6787.80 ,,,
1/27/2011,6821.13 ,,,
1/28/2011,6835.09 ,,,
1/28/2011,6842.20 ,,,
1/28/2011,6840.11 ,,,
1/28/2011,6827.50 ,,,
1/28/2011,6809.25 ,,,
1/28/2011,6792.49 ,,,
1/28/2011,6780.72 ,,,
1/28/2011,6765.31 ,,,
1/28/2011,6734.53 ,,,
1/28/2011,6691.74 ,,,
1/28/2011,6639.42 ,,,
1/28/2011,6583.31 ,,,
1/28/2011,6527.91 ,,,
1/28/2011,6477.64 ,,,
1/28/2011,6438.09 ,,,
1/28/2011,6413.12 ,,,
1/28/2011,6403.09 ,,,
1/28/2011,6410.55 ,,,
1/28/2011,6442.97 ,,,
1/28/2011,6507.14 ,,,
1/28/2011,6598.96 ,,,
1/28/2011,6693.17 ,,,
1/28/2011,6763.58 ,,,
1/28/2011,6804.24 ,,,
1/29/2011,6828.13 ,,,
1/29/2011,6843.29 ,,,
1/29/2011,6846.39 ,,,
1/29/2011,6835.75 ,,,
1/29/2011,6818.30 ,,,
1/29/2011,6803.11 ,,,
1/29/2011,6794.12 ,,,
1/29/2011,6780.17 ,,,
1/29/2011,6748.06 ,,,
1/29/2011,6702.19 ,,,
1/29/2011,6648.35 ,,,
1/29/2011,6594.21 ,,,
1/29/2011,6542.61 ,,,
1/29/2011,6495.72 ,,,
1/29/2011,6458.71 ,,,
1/29/2011,6435.71 ,,,
1/29/2011,6426.76 ,,,
1/29/2011,6433.18 ,,,
1/29/2011,6464.78 ,,,
1/29/2011,6534.92 ,,,
1/29/2011,6634.08 ,,,
1/29/2011,6730.76 ,,,
1/29/2011,6798.87 ,,,
1/29/2011,6837.30 ,,,
1/30/2011,6859.83 ,,,
1/30/2011,6871.55 ,,,
1/30/2011,6870.76 ,,,
1/30/2011,6855.99 ,,,
1/30/2011,6835.38 ,,,
1/30/2011,6820.85 ,,,
1/30/2011,6809.45 ,,,
1/30/2011,6792.74 ,,,
1/30/2011,6768.07 ,,,
1/30/2011,6733.60 ,,,
1/30/2011,6688.69 ,,,
1/30/2011,6638.61 ,,,
1/30/2011,6583.56 ,,,
1/30/2011,6531.20 ,,,
1/30/2011,6489.26 ,,,
1/30/2011,6461.05 ,,,
1/30/2011,6446.73 ,,,
1/30/2011,6451.99 ,,,
1/30/2011,6492.77 ,,,
1/30/2011,6571.51 ,,,
1/30/2011,6667.74 ,,,
1/30/2011,6753.43 ,,,
1/30/2011,6811.32 ,,,
1/30/2011,6841.38 ,,,
1/31/2011,6856.83 ,,,
1/31/2011,6862.81 ,,,
1/31/2011,6859.08 ,,,
1/31/2011,6843.57 ,,,
1/31/2011,6823.95 ,,,
1/31/2011,6807.66 ,,,
1/31/2011,6791.95 ,,,
1/31/2011,6773.42 ,,,
1/31/2011,6749.51 ,,,
1/31/2011,6720.25 ,,,
1/31/2011,6680.90 ,,,
1/31/2011,6635.67 ,,,
1/31/2011,6588.44 ,,,
1/31/2011,6547.29 ,,,
1/31/2011,6516.29 ,,,
1/31/2011,6493.69 ,,,
1/31/2011,6477.80 ,,,
1/31/2011,6475.81 ,,,
1/31/2011,6506.29 ,,,
1/31/2011,6575.66 ,,,
1/31/2011,6665.97 ,,,
1/31/2011,6753.19 ,,,
1/31/2011,6813.43 ,,,
1/31/2011,6844.55 ,,,
2/1/2011,6859.26 ,,,
2/1/2011,6861.58 ,,,
2/1/2011,6853.36 ,,,
2/1/2011,6835.38 ,,,
2/1/2011,6814.08 ,,,
2/1/2011,6794.32 ,,,
2/1/2011,6775.62 ,,,
2/1/2011,6754.76 ,,,
2/1/2011,6726.92 ,,,
2/1/2011,6695.93 ,,,
2/1/2011,6659.39 ,,,
2/1/2011,6617.53 ,,,
2/1/2011,6577.26 ,,,
2/1/2011,6543.70 ,,,
2/1/2011,6520.83 ,,,
2/1/2011,6504.81 ,,,
2/1/2011,6492.12 ,,,
2/1/2011,6490.28 ,,,
2/1/2011,6517.18 ,,,
2/1/2011,6580.46 ,,,
2/1/2011,6668.42 ,,,
2/1/2011,6752.83 ,,,
2/1/2011,6807.01 ,,,
2/1/2011,6833.31 ,,,
2/2/2011,6845.19 ,,,
2/2/2011,6844.92 ,,,
2/2/2011,6832.37 ,,,
2/2/2011,6814.25 ,,,
2/2/2011,6797.01 ,,,
2/2/2011,6780.29 ,,,
2/2/2011,6761.59 ,,,
2/2/2011,6738.86 ,,,
2/2/2011,6708.35 ,,,
2/2/2011,6671.89 ,,,
2/2/2011,6630.13 ,,,
2/2/2011,6584.68 ,,,
2/2/2011,6541.76 ,,,
2/2/2011,6506.33 ,,,
2/2/2011,6482.93 ,,,
2/2/2011,6468.91 ,,,
2/2/2011,6460.27 ,,,
2/2/2011,6463.88 ,,,
2/2/2011,6492.98 ,,,
2/2/2011,6552.98 ,,,
2/2/2011,6634.76 ,,,
2/2/2011,6715.59 ,,,
2/2/2011,6770.09 ,,,
2/2/2011,6799.41 ,,,
2/3/2011,6815.30 ,,,
2/3/2011,6820.57 ,,,
2/3/2011,6817.20 ,,,
2/3/2011,6806.69 ,,,
2/3/2011,6790.11 ,,,
2/3/2011,6767.76 ,,,
2/3/2011,6741.72 ,,,
2/3/2011,6713.60 ,,,
2/3/2011,6682.08 ,,,
2/3/2011,6646.45 ,,,
2/3/2011,6604.41 ,,,
2/3/2011,6559.03 ,,,
2/3/2011,6516.80 ,,,
2/3/2011,6483.78 ,,,
2/3/2011,6462.12 ,,,
2/3/2011,6447.97 ,,,
2/3/2011,6437.85 ,,,
2/3/2011,6437.77 ,,,
2/3/2011,6462.07 ,,,
2/3/2011,6519.88 ,,,
2/3/2011,6606.86 ,,,
2/3/2011,6699.05 ,,,
2/3/2011,6767.64 ,,,
2/3/2011,6807.79 ,,,
2/4/2011,6830.14 ,,,
2/4/2011,6839.43 ,,,
2/4/2011,6837.85 ,,,
2/4/2011,6826.40 ,,,
2/4/2011,6807.21 ,,,
2/4/2011,6784.82 ,,,
2/4/2011,6763.08 ,,,
2/4/2011,6740.28 ,,,
2/4/2011,6706.54 ,,,
2/4/2011,6665.88 ,,,
2/4/2011,6619.38 ,,,
2/4/2011,6571.59 ,,,
2/4/2011,6527.52 ,,,
2/4/2011,6491.38 ,,,
2/4/2011,6464.03 ,,,
2/4/2011,6442.77 ,,,
2/4/2011,6425.84 ,,,
2/4/2011,6419.72 ,,,
2/4/2011,6437.30 ,,,
2/4/2011,6490.30 ,,,
2/4/2011,6577.96 ,,,
2/4/2011,6677.60 ,,,
2/4/2011,6756.30 ,,,
2/4/2011,6805.76 ,,,
2/5/2011,6835.45 ,,,
2/5/2011,6850.36 ,,,
2/5/2011,6850.52 ,,,
2/5/2011,6836.19 ,,,
2/5/2011,6812.15 ,,,
2/5/2011,6784.97 ,,,
2/5/2011,6759.42 ,,,
2/5/2011,6731.47 ,,,
2/5/2011,6701.05 ,,,
2/5/2011,6670.33 ,,,
2/5/2011,6635.80 ,,,
2/5/2011,6597.39 ,,,
2/5/2011,6557.77 ,,,
2/5/2011,6520.80 ,,,
2/5/2011,6488.50 ,,,
2/5/2011,6460.23 ,,,
2/5/2011,6435.61 ,,,
2/5/2011,6421.18 ,,,
2/5/2011,6431.42 ,,,
2/5/2011,6480.40 ,,,
2/5/2011,6568.79 ,,,
2/5/2011,6673.26 ,,,
2/5/2011,6763.52 ,,,
2/5/2011,6824.98 ,,,
2/6/2011,6860.07 ,,,
2/6/2011,6873.32 ,,,
2/6/2011,6867.08 ,,,
2/6/2011,6844.45 ,,,
2/6/2011,6809.70 ,,,
2/6/2011,6769.97 ,,,
2/6/2011,6734.38 ,,,
2/6/2011,6708.36 ,,,
2/6/2011,6693.17 ,,,
2/6/2011,6683.53 ,,,
2/6/2011,6665.31 ,,,
2/6/2011,6633.96 ,,,
2/6/2011,6592.99 ,,,
2/6/2011,6547.44 ,,,
2/6/2011,6505.42 ,,,
2/6/2011,6469.90 ,,,
2/6/2011,6440.36 ,,,
2/6/2011,6422.70 ,,,
2/6/2011,6433.21 ,,,
2/6/2011,6488.05 ,,,
2/6/2011,6586.81 ,,,
2/6/2011,6703.31 ,,,
2/6/2011,6798.50 ,,,
2/6/2011,6851.07 ,,,
2/7/2011,6870.07 ,,,
2/7/2011,6872.84 ,,,
2/7/2011,6863.38 ,,,
2/7/2011,6840.69 ,,,
2/7/2011,6811.51 ,,,
2/7/2011,6782.44 ,,,
2/7/2011,6757.41 ,,,
2/7/2011,6737.53 ,,,
2/7/2011,6722.47 ,,,
2/7/2011,6713.41 ,,,
2/7/2011,6691.15 ,,,
2/7/2011,6650.16 ,,,
2/7/2011,6598.20 ,,,
2/7/2011,6543.05 ,,,
2/7/2011,6496.46 ,,,
2/7/2011,6462.73 ,,,
2/7/2011,6440.62 ,,,
2/7/2011,6431.84 ,,,
2/7/2011,6448.46 ,,,
2/7/2011,6504.68 ,,,
2/7/2011,6603.26 ,,,
2/7/2011,6720.62 ,,,
2/7/2011,6809.77 ,,,
2/7/2011,6851.29 ,,,
2/8/2011,6861.05 ,,,
2/8/2011,6858.18 ,,,
2/8/2011,6845.34 ,,,
2/8/2011,6823.58 ,,,
2/8/2011,6795.35 ,,,
2/8/2011,6767.82 ,,,
2/8/2011,6745.09 ,,,
2/8/2011,6723.14 ,,,
2/8/2011,6701.35 ,,,
2/8/2011,6685.07 ,,,
2/8/2011,6660.96 ,,,
2/8/2011,6621.18 ,,,
2/8/2011,6570.81 ,,,
2/8/2011,6522.28 ,,,
2/8/2011,6487.35 ,,,
2/8/2011,6467.85 ,,,
2/8/2011,6457.04 ,,,
2/8/2011,6453.99 ,,,
2/8/2011,6471.81 ,,,
2/8/2011,6526.79 ,,,
2/8/2011,6621.02 ,,,
2/8/2011,6724.71 ,,,
2/8/2011,6794.65 ,,,
2/8/2011,6822.10 ,,,
2/9/2011,6826.35 ,,,
2/9/2011,6822.75 ,,,
2/9/2011,6812.03 ,,,
2/9/2011,6791.92 ,,,
2/9/2011,6768.31 ,,,
2/9/2011,6745.52 ,,,
2/9/2011,6722.42 ,,,
2/9/2011,6693.91 ,,,
2/9/2011,6666.23 ,,,
2/9/2011,6645.29 ,,,
2/9/2011,6620.94 ,,,
2/9/2011,6583.31 ,,,
2/9/2011,6538.63 ,,,
2/9/2011,6498.79 ,,,
2/9/2011,6472.01 ,,,
2/9/2011,6456.63 ,,,
2/9/2011,6445.99 ,,,
2/9/2011,6441.36 ,,,
2/9/2011,6457.55 ,,,
2/9/2011,6507.80 ,,,
2/9/2011,6588.52 ,,,
2/9/2011,6675.98 ,,,
2/9/2011,6740.11 ,,,
2/9/2011,6773.19 ,,,
2/10/2011,6788.78 ,,,
2/10/2011,6795.96 ,,,
2/10/2011,6793.98 ,,,
2/10/2011,6779.59 ,,,
2/10/2011,6752.87 ,,,
2/10/2011,6719.58 ,,,
2/10/2011,6687.00 ,,,
2/10/2011,6656.43 ,,,
2/10/2011,6634.60 ,,,
2/10/2011,6620.78 ,,,
2/10/2011,6600.56 ,,,
2/10/2011,6567.95 ,,,
2/10/2011,6529.26 ,,,
2/10/2011,6493.87 ,,,
2/10/2011,6467.16 ,,,
2/10/2011,6447.12 ,,,
2/10/2011,6428.90 ,,,
2/10/2011,6417.74 ,,,
2/10/2011,6432.61 ,,,
2/10/2011,6487.54 ,,,
2/10/2011,6577.50 ,,,
2/10/2011,6675.20 ,,,
2/10/2011,6749.58 ,,,
2/10/2011,6792.62 ,,,
2/11/2011,6812.40 ,,,
2/11/2011,6818.96 ,,,
2/11/2011,6815.96 ,,,
2/11/2011,6802.29 ,,,
2/11/2011,6778.96 ,,,
2/11/2011,6750.95 ,,,
2/11/2011,6724.81 ,,,
2/11/2011,6699.81 ,,,
2/11/2011,6674.17 ,,,
2/11/2011,6650.60 ,,,
2/11/2011,6621.52 ,,,
2/11/2011,6583.46 ,,,
2/11/2011,6541.74 ,,,
2/11/2011,6503.84 ,,,
2/11/2011,6473.08 ,,,
2/11/2011,6445.81 ,,,
2/11/2011,6418.30 ,,,
2/11/2011,6398.56 ,,,
2/11/2011,6404.23 ,,,
2/11/2011,6447.04 ,,,
2/11/2011,6523.85 ,,,
2/11/2011,6620.42 ,,,
2/11/2011,6710.62 ,,,
2/11/2011,6776.43 ,,,
2/12/2011,6818.65 ,,,
2/12/2011,6841.06 ,,,
2/12/2011,6844.04 ,,,
2/12/2011,6828.00 ,,,
2/12/2011,6798.07 ,,,
2/12/2011,6762.40 ,,,
2/12/2011,6732.07 ,,,
2/12/2011,6706.11 ,,,
2/12/2011,6682.72 ,,,
2/12/2011,6663.33 ,,,
2/12/2011,6639.44 ,,,
2/12/2011,6604.53 ,,,
2/12/2011,6562.09 ,,,
2/12/2011,6519.65 ,,,
2/12/2011,6481.72 ,,,
2/12/2011,6447.10 ,,,
2/12/2011,6412.96 ,,,
2/12/2011,6387.16 ,,,
2/12/2011,6386.86 ,,,
2/12/2011,6424.38 ,,,
2/12/2011,6501.15 ,,,
2/12/2011,6606.76 ,,,
2/12/2011,6714.91 ,,,
2/12/2011,6793.54 ,,,
2/13/2011,6838.05 ,,,
2/13/2011,6859.50 ,,,
2/13/2011,6861.67 ,,,
2/13/2011,6842.01 ,,,
2/13/2011,6805.56 ,,,
2/13/2011,6761.44 ,,,
2/13/2011,6722.56 ,,,
2/13/2011,6693.72 ,,,
2/13/2011,6678.03 ,,,
2/13/2011,6674.28 ,,,
2/13/2011,6666.66 ,,,
2/13/2011,6639.90 ,,,
2/13/2011,6598.11 ,,,
2/13/2011,6549.63 ,,,
2/13/2011,6500.69 ,,,
2/13/2011,6455.99 ,,,
2/13/2011,6417.43 ,,,
2/13/2011,6390.96 ,,,
2/13/2011,6391.17 ,,,
2/13/2011,6431.28 ,,,
2/13/2011,6516.28 ,,,
2/13/2011,6632.88 ,,,
2/13/2011,6739.03 ,,,
2/13/2011,6805.99 ,,,
2/14/2011,6833.61 ,,,
2/14/2011,6839.58 ,,,
2/14/2011,6837.88 ,,,
2/14/2011,6820.84 ,,,
2/14/2011,6790.28 ,,,
2/14/2011,6752.97 ,,,
2/14/2011,6717.99 ,,,
2/14/2011,6690.83 ,,,
2/14/2011,6677.27 ,,,
2/14/2011,6677.19 ,,,
2/14/2011,6670.15 ,,,
2/14/2011,6639.00 ,,,
2/14/2011,6589.71 ,,,
2/14/2011,6532.98 ,,,
2/14/2011,6480.04 ,,,
2/14/2011,6437.20 ,,,
2/14/2011,6406.68 ,,,
2/14/2011,6390.88 ,,,
2/14/2011,6397.97 ,,,
2/14/2011,6439.26 ,,,
2/14/2011,6518.54 ,,,
2/14/2011,6624.71 ,,,
2/14/2011,6728.24 ,,,
2/14/2011,6796.43 ,,,
2/15/2011,6825.03 ,,,
2/15/2011,6829.66 ,,,
2/15/2011,6823.03 ,,,
2/15/2011,6799.95 ,,,
2/15/2011,6756.75 ,,,
2/15/2011,6704.72 ,,,
2/15/2011,6659.60 ,,,
2/15/2011,6630.72 ,,,
2/15/2011,6626.08 ,,,
2/15/2011,6637.86 ,,,
2/15/2011,6640.85 ,,,
2/15/2011,6615.14 ,,,
2/15/2011,6570.14 ,,,
2/15/2011,6519.99 ,,,
2/15/2011,6474.46 ,,,
2/15/2011,6438.02 ,,,
2/15/2011,6410.70 ,,,
2/15/2011,6394.31 ,,,
2/15/2011,6401.33 ,,,
2/15/2011,6442.20 ,,,
2/15/2011,6514.70 ,,,
2/15/2011,6603.32 ,,,
2/15/2011,6682.03 ,,,
2/15/2011,6731.78 ,,,
2/16/2011,6752.58 ,,,
2/16/2011,6758.71 ,,,
2/16/2011,6758.56 ,,,
2/16/2011,6742.55 ,,,
2/16/2011,6703.40 ,,,
2/16/2011,6656.87 ,,,
2/16/2011,6620.15 ,,,
2/16/2011,6603.07 ,,,
2/16/2011,6606.54 ,,,
2/16/2011,6618.19 ,,,
2/16/2011,6621.07 ,,,
2/16/2011,6600.13 ,,,
2/16/2011,6563.25 ,,,
2/16/2011,6521.58 ,,,
2/16/2011,6480.26 ,,,
2/16/2011,6439.95 ,,,
2/16/2011,6402.55 ,,,
2/16/2011,6379.37 ,,,
2/16/2011,6384.72 ,,,
2/16/2011,6425.68 ,,,
2/16/2011,6498.19 ,,,
2/16/2011,6586.44 ,,,
2/16/2011,6666.12 ,,,
2/16/2011,6718.71 ,,,
2/17/2011,6742.37 ,,,
2/17/2011,6749.24 ,,,
2/17/2011,6747.95 ,,,
2/17/2011,6733.56 ,,,
2/17/2011,6701.24 ,,,
2/17/2011,6663.08 ,,,
2/17/2011,6635.34 ,,,
2/17/2011,6622.51 ,,,
2/17/2011,6624.69 ,,,
2/17/2011,6628.48 ,,,
2/17/2011,6618.68 ,,,
2/17/2011,6590.72 ,,,
2/17/2011,6552.29 ,,,
2/17/2011,6510.48 ,,,
2/17/2011,6466.09 ,,,
2/17/2011,6419.27 ,,,
2/17/2011,6378.43 ,,,
2/17/2011,6356.10 ,,,
2/17/2011,6362.24 ,,,
2/17/2011,6400.20 ,,,
2/17/2011,6465.13 ,,,
2/17/2011,6545.54 ,,,
2/17/2011,6623.55 ,,,
2/17/2011,6683.66 ,,,
2/18/2011,6721.96 ,,,
2/18/2011,6744.71 ,,,
2/18/2011,6756.79 ,,,
2/18/2011,6751.37 ,,,
2/18/2011,6723.47 ,,,
2/18/2011,6684.85 ,,,
2/18/2011,6655.10 ,,,
2/18/2011,6642.36 ,,,
2/18/2011,6637.55 ,,,
2/18/2011,6630.54 ,,,
2/18/2011,6613.97 ,,,
2/18/2011,6585.17 ,,,
2/18/2011,6549.18 ,,,
2/18/2011,6508.36 ,,,
2/18/2011,6462.01 ,,,
2/18/2011,6411.54 ,,,
2/18/2011,6364.79 ,,,
2/18/2011,6335.57 ,,,
2/18/2011,6334.36 ,,,
2/18/2011,6363.51 ,,,
2/18/2011,6419.62 ,,,
2/18/2011,6493.87 ,,,
2/18/2011,6575.06 ,,,
2/18/2011,6650.13 ,,,
2/19/2011,6711.78 ,,,
2/19/2011,6758.17 ,,,
2/19/2011,6784.70 ,,,
2/19/2011,6781.85 ,,,
2/19/2011,6748.93 ,,,
2/19/2011,6701.25 ,,,
2/19/2011,6662.47 ,,,
2/19/2011,6642.77 ,,,
2/19/2011,6632.93 ,,,
2/19/2011,6626.70 ,,,
2/19/2011,6617.25 ,,,
2/19/2011,6596.70 ,,,
2/19/2011,6566.24 ,,,
2/19/2011,6525.82 ,,,
2/19/2011,6474.57 ,,,
2/19/2011,6416.61 ,,,
2/19/2011,6361.79 ,,,
2/19/2011,6321.06 ,,,
2/19/2011,6304.19 ,,,
2/19/2011,6317.50 ,,,
2/19/2011,6362.41 ,,,
2/19/2011,6435.01 ,,,
2/19/2011,6523.77 ,,,
2/19/2011,6612.70 ,,,
2/20/2011,6689.60 ,,,
2/20/2011,6747.43 ,,,
2/20/2011,6782.30 ,,,
2/20/2011,6785.34 ,,,
2/20/2011,6754.92 ,,,
2/20/2011,6705.81 ,,,
2/20/2011,6663.55 ,,,
2/20/2011,6638.50 ,,,
2/20/2011,6631.05 ,,,
2/20/2011,6635.08 ,,,
2/20/2011,6635.47 ,,,
2/20/2011,6620.02 ,,,
2/20/2011,6588.58 ,,,
2/20/2011,6539.76 ,,,
2/20/2011,6476.59 ,,,
2/20/2011,6407.48 ,,,
2/20/2011,6345.13 ,,,
2/20/2011,6298.51 ,,,
2/20/2011,6271.87 ,,,
2/20/2011,6276.26 ,,,
2/20/2011,6320.87 ,,,
2/20/2011,6400.27 ,,,
2/20/2011,6494.51 ,,,
2/20/2011,6585.75 ,,,
2/21/2011,6661.95 ,,,
2/21/2011,6717.16 ,,,
2/21/2011,6745.81 ,,,
2/21/2011,6747.33 ,,,
2/21/2011,6718.75 ,,,
2/21/2011,6675.62 ,,,
2/21/2011,6639.56 ,,,
2/21/2011,6620.15 ,,,
2/21/2011,6621.30 ,,,
2/21/2011,6635.36 ,,,
2/21/2011,6645.25 ,,,
2/21/2011,6632.77 ,,,
2/21/2011,6596.42 ,,,
2/21/2011,6539.82 ,,,
2/21/2011,6470.23 ,,,
2/21/2011,6397.76 ,,,
2/21/2011,6332.92 ,,,
2/21/2011,6279.72 ,,,
2/21/2011,6242.92 ,,,
2/21/2011,6241.26 ,,,
2/21/2011,6287.34 ,,,
2/21/2011,6370.77 ,,,
2/21/2011,6474.48 ,,,
2/21/2011,6571.71 ,,,
2/22/2011,6641.57 ,,,
2/22/2011,6683.00 ,,,
2/22/2011,6701.93 ,,,
2/22/2011,6698.89 ,,,
2/22/2011,6674.11 ,,,
2/22/2011,6636.69 ,,,
2/22/2011,6605.04 ,,,
2/22/2011,6591.39 ,,,
2/22/2011,6599.03 ,,,
2/22/2011,6620.04 ,,,
2/22/2011,6634.06 ,,,
2/22/2011,6624.05 ,,,
2/22/2011,6586.53 ,,,
2/22/2011,6529.76 ,,,
2/22/2011,6460.54 ,,,
2/22/2011,6389.89 ,,,
2/22/2011,6323.84 ,,,
2/22/2011,6261.88 ,,,
2/22/2011,6216.99 ,,,
2/22/2011,6213.42 ,,,
2/22/2011,6259.81 ,,,
2/22/2011,6341.98 ,,,
2/22/2011,6440.92 ,,,
2/22/2011,6533.01 ,,,
2/23/2011,6596.18 ,,,
2/23/2011,6629.04 ,,,
2/23/2011,6643.44 ,,,
2/23/2011,6644.30 ,,,
2/23/2011,6629.45 ,,,
2/23/2011,6601.35 ,,,
2/23/2011,6576.46 ,,,
2/23/2011,6568.02 ,,,
2/23/2011,6577.83 ,,,
2/23/2011,6596.34 ,,,
2/23/2011,6608.41 ,,,
2/23/2011,6600.89 ,,,
2/23/2011,6566.89 ,,,
2/23/2011,6513.47 ,,,
2/23/2011,6449.94 ,,,
2/23/2011,6382.21 ,,,
2/23/2011,6312.85 ,,,
2/23/2011,6244.93 ,,,
2/23/2011,6196.45 ,,,
2/23/2011,6194.79 ,,,
2/23/2011,6244.35 ,,,
2/23/2011,6324.49 ,,,
2/23/2011,6417.33 ,,,
2/23/2011,6501.00 ,,,
2/24/2011,6559.92 ,,,
2/24/2011,6593.52 ,,,
2/24/2011,6611.65 ,,,
2/24/2011,6617.43 ,,,
2/24/2011,6608.48 ,,,
2/24/2011,6589.60 ,,,
2/24/2011,6574.00 ,,,
2/24/2011,6573.12 ,,,
2/24/2011,6587.20 ,,,
2/24/2011,6604.00 ,,,
2/24/2011,6609.57 ,,,
2/24/2011,6594.15 ,,,
2/24/2011,6553.39 ,,,
2/24/2011,6495.24 ,,,
2/24/2011,6428.08 ,,,
2/24/2011,6357.09 ,,,
2/24/2011,6286.31 ,,,
2/24/2011,6217.82 ,,,
2/24/2011,6170.42 ,,,
2/24/2011,6170.46 ,,,
2/24/2011,6219.89 ,,,
2/24/2011,6297.09 ,,,
2/24/2011,6386.92 ,,,
2/24/2011,6472.17 ,,,
2/25/2011,6538.49 ,,,
2/25/2011,6584.36 ,,,
2/25/2011,6615.89 ,,,
2/25/2011,6632.11 ,,,
2/25/2011,6630.08 ,,,
2/25/2011,6616.04 ,,,
2/25/2011,6602.62 ,,,
2/25/2011,6600.14 ,,,
2/25/2011,6609.04 ,,,
2/25/2011,6618.57 ,,,
2/25/2011,6616.39 ,,,
2/25/2011,6594.60 ,,,
2/25/2011,6549.85 ,,,
2/25/2011,6490.40 ,,,
2/25/2011,6423.13 ,,,
2/25/2011,6348.44 ,,,
2/25/2011,6270.28 ,,,
2/25/2011,6194.12 ,,,
2/25/2011,6140.98 ,,,
2/25/2011,6135.08 ,,,
2/25/2011,6178.45 ,,,
2/25/2011,6252.23 ,,,
2/25/2011,6343.95 ,,,
2/25/2011,6435.67 ,,,
2/26/2011,6514.58 ,,,
2/26/2011,6579.39 ,,,
2/26/2011,6632.31 ,,,
2/26/2011,6662.41 ,,,
2/26/2011,6662.13 ,,,
2/26/2011,6641.18 ,,,
2/26/2011,6621.12 ,,,
2/26/2011,6611.91 ,,,
2/26/2011,6617.45 ,,,
2/26/2011,6626.03 ,,,
2/26/2011,6623.49 ,,,
2/26/2011,6604.67 ,,,
2/26/2011,6564.49 ,,,
2/26/2011,6506.24 ,,,
2/26/2011,6437.08 ,,,
2/26/2011,6359.61 ,,,
2/26/2011,6273.12 ,,,
2/26/2011,6181.99 ,,,
2/26/2011,6113.50 ,,,
2/26/2011,6094.94 ,,,
2/26/2011,6132.29 ,,,
2/26/2011,6208.70 ,,,
2/26/2011,6301.59 ,,,
2/26/2011,6405.96 ,,,
2/27/2011,6507.33 ,,,
2/27/2011,6589.34 ,,,
2/27/2011,6646.36 ,,,
2/27/2011,6675.46 ,,,
2/27/2011,6673.24 ,,,
2/27/2011,6648.49 ,,,
2/27/2011,6621.55 ,,,
2/27/2011,6605.27 ,,,
2/27/2011,6607.70 ,,,
2/27/2011,6619.98 ,,,
2/27/2011,6627.54 ,,,
2/27/2011,6618.18 ,,,
2/27/2011,6579.04 ,,,
2/27/2011,6517.50 ,,,
2/27/2011,6443.80 ,,,
2/27/2011,6361.09 ,,,
2/27/2011,6266.04 ,,,
2/27/2011,6163.20 ,,,
2/27/2011,6084.34 ,,,
2/27/2011,6060.63 ,,,
2/27/2011,6100.95 ,,,
2/27/2011,6183.88 ,,,
2/27/2011,6289.14 ,,,
2/27/2011,6410.60 ,,,
2/28/2011,6520.68 ,,,
2/28/2011,6594.78 ,,,
2/28/2011,6631.02 ,,,
2/28/2011,6638.34 ,,,
2/28/2011,6625.81 ,,,
2/28/2011,6602.23 ,,,
2/28/2011,6577.81 ,,,
2/28/2011,6563.88 ,,,
2/28/2011,6571.87 ,,,
2/28/2011,6599.70 ,,,
2/28/2011,6628.51 ,,,
2/28/2011,6632.76 ,,,
2/28/2011,6593.55 ,,,
2/28/2011,6525.24 ,,,
2/28/2011,6443.94 ,,,
2/28/2011,6351.85 ,,,
2/28/2011,6243.19 ,,,
2/28/2011,6129.89 ,,,
2/28/2011,6049.50 ,,,
2/28/2011,6033.43 ,,,
2/28/2011,6086.75 ,,,
2/28/2011,6186.27 ,,,
2/28/2011,6309.70 ,,,
2/28/2011,6437.77 ,,,
